"","city","county_name"
"1","La Quinta","Riverside"
"2","Saint Helena","Napa"
"3","Burney","Shasta"
"4","Kensington","Contra Costa"
"5","Upper Lake","Lake"
"6","Pleasant Hill","Contra Costa"
"7","Leggett","Mendocino"
"8","Pomona","Los Angeles"
"9","Fieldbrook","Humboldt"
"10","Oakdale","Stanislaus"
"11","Thermalito","Butte"
"12","Knights Landing","Yolo"
"13","Big Oak Flat","Tuolumne"
"14","Guerneville","Sonoma"
"15","Upland","San Bernardino"
"16","Riverbank","Stanislaus"
"17","Waterloo","San Joaquin"
"18","Montrose","Los Angeles"
"19","Industry","Los Angeles"
"20","Jacumba Hot Springs","San Diego"
"21","Amador City","Amador"
"22","Brea","Orange"
"23","Bella Vista","Shasta"
"24","San Jacinto","Riverside"
"25","Redding","Shasta"
"26","Exeter","Tulare"
"27","Goshen","Tulare"
"28","Templeton","San Luis Obispo"
"29","East Nicolaus","Sutter"
"30","Hercules","Contra Costa"
"31","Johnsville","Plumas"
"32","Biola","Fresno"
"33","Moorpark","Ventura"
"34","Windsor","Sonoma"
"35","El Monte","Los Angeles"
"36","Calistoga","Napa"
"37","Bucks Lake","Plumas"
"38","Wilseyville","Calaveras"
"39","Igo","Shasta"
"40","Hat Creek","Shasta"
"41","Mesa Verde","Riverside"
"42","Sebastopol","Sonoma"
"43","Avery","Calaveras"
"44","McKittrick","Kern"
"45","Clearlake","Lake"
"46","Sawyers Bar","Siskiyou"
"47","Irwin","Merced"
"48","Burbank","Los Angeles"
"49","Discovery Bay","Contra Costa"
"50","North San Juan","Nevada"
"51","Rancho Santa Margarita","Orange"
"52","Komandorski Village","Alameda"
"53","Casa Conejo","Ventura"
"54","South Whittier","Los Angeles"
"55","Manhattan Beach","Los Angeles"
"56","Green Valley","Los Angeles"
"57","Orleans","Humboldt"
"58","Quincy","Plumas"
"59","Ignacio","Marin"
"60","Rolling Hills","Los Angeles"
"61","Leona Valley","Los Angeles"
"62","Valley Ford","Sonoma"
"63","Kelso","San Bernardino"
"64","Pope Valley","Napa"
"65","Montgomery Creek","Shasta"
"66","Orangevale","Sacramento"
"67","Ahwahnee","Madera"
"68","Hacienda Heights","Los Angeles"
"69","Vernon","Los Angeles"
"70","Corning","Tehama"
"71","Maywood","Los Angeles"
"72","La Habra Heights","Los Angeles"
"73","Thousand Palms","Riverside"
"74","Angwin","Napa"
"75","Centerville","Fresno"
"76","East Palo Alto","San Mateo"
"77","Mount Hermon","Santa Cruz"
"78","Forestville","Sonoma"
"79","South San Gabriel","Los Angeles"
"80","Valley Acres","Kern"
"81","Westhaven","Humboldt"
"82","Del Mar","San Diego"
"83","Lakewood","Los Angeles"
"84","Interlaken","Santa Cruz"
"85","Irvine","Orange"
"86","Woodacre","Marin"
"87","Windsor Hills","Los Angeles"
"88","Miranda","Humboldt"
"89","Greenview","Siskiyou"
"90","Nevada City","Nevada"
"91","Sunset Beach","Orange"
"92","Big Lagoon","Humboldt"
"93","Silver Lakes","San Bernardino"
"94","Sunnymead","Riverside"
"95","Buckhorn","Amador"
"96","Topanga","Los Angeles"
"97","Norco","Riverside"
"98","Knightsen","Contra Costa"
"99","Maxwell","Colusa"
"100","Rocklin","Placer"
"101","Carmel Valley Village","Monterey"
"102","Cameron Park","El Dorado"
"103","Salinas","Monterey"
"104","West Rancho Dominguez","Los Angeles"
"105","Poplar","Tulare"
"106","Pinehurst","Fresno"
"107","San Miguel","San Luis Obispo"
"108","Goffs","San Bernardino"
"109","Newark","Alameda"
"110","Apple Valley","San Bernardino"
"111","Del Rosa","San Bernardino"
"112","Bell Gardens","Los Angeles"
"113","Lodi","San Joaquin"
"114","Montague","Siskiyou"
"115","Foster City","San Mateo"
"116","Orcutt","Santa Barbara"
"117","Ladera","San Mateo"
"118","Vallejo","Solano"
"119","Vidal","San Bernardino"
"120","Challenge","Yuba"
"121","La Riviera","Sacramento"
"122","Indio","Riverside"
"123","Jamul","San Diego"
"124","Foresthill","Placer"
"125","Rainbow","San Diego"
"126","Redcrest","Humboldt"
"127","Cromberg","Plumas"
"128","Hodge","San Bernardino"
"129","Tiburon","Marin"
"130","Hesperia","San Bernardino"
"131","Jamestown","Tuolumne"
"132","Azusa","Los Angeles"
"133","Narod","San Bernardino"
"134","Big Bear Lake","San Bernardino"
"135","Yosemite Lakes","Madera"
"136","Morongo Valley","San Bernardino"
"137","Concow","Butte"
"138","Helendale","San Bernardino"
"139","Fall River Mills","Shasta"
"140","Emeryville","Alameda"
"141","Fairhaven","Humboldt"
"142","Elverta","Sacramento"
"143","Paradise Park","Santa Cruz"
"144","Aspen Springs","Mono"
"145","Hollister","San Benito"
"146","Fair Oaks","Sacramento"
"147","Vina","Tehama"
"148","Brooktrails","Mendocino"
"149","Whitethorn","Humboldt"
"150","Meiners Oaks","Ventura"
"151","Paskenta","Tehama"
"152","Winter Gardens","San Diego"
"153","Tupman","Kern"
"154","Cherokee","Butte"
"155","Sand City","Monterey"
"156","Rancho Santa Fe","San Diego"
"157","Buellton","Santa Barbara"
"158","Waterford","Stanislaus"
"159","Silverado","Orange"
"160","Golden Hills","Kern"
"161","Dorrington","Calaveras"
"162","Standish","Lassen"
"163","Loleta","Humboldt"
"164","McKinleyville","Humboldt"
"165","Cathedral City","Riverside"
"166","Minkler","Fresno"
"167","Pike","Sierra"
"168","Pine Flat","Tulare"
"169","Rolinda","Fresno"
"170","Hinkley","San Bernardino"
"171","Dos Rios","Mendocino"
"172","Weedpatch","Kern"
"173","Cayucos","San Luis Obispo"
"174","Fallbrook","San Diego"
"175","Emerald Bay","Orange"
"176","Buena Park","Orange"
"177","Panorama Heights","Orange"
"178","Trinidad","Humboldt"
"179","Farmington","San Joaquin"
"180","Mono Vista","Tuolumne"
"181","Shore Acres","Contra Costa"
"182","Saranap","Contra Costa"
"183","Kelseyville","Lake"
"184","Lakeport","Lake"
"185","Castle Park","San Diego"
"186","Omo Ranch","El Dorado"
"187","Williams","Colusa"
"188","West Athens","Los Angeles"
"189","Santa Ana Heights","Orange"
"190","Pinedale","Fresno"
"191","El Segundo","Los Angeles"
"192","Forbestown","Butte"
"193","Paso Robles","San Luis Obispo"
"194","Los Altos","Santa Clara"
"195","Bakersfield","Kern"
"196","Black Point","Marin"
"197","Cutler","Tulare"
"198","San Bernardino","San Bernardino"
"199","Long Barn","Tuolumne"
"200","June Lake","Mono"
"201","Walnut Grove","Sacramento"
"202","Encinitas","San Diego"
"203","Rubidoux","Riverside"
"204","Loomis","Placer"
"205","Trowbridge","Sutter"
"206","Santa Fe Springs","Los Angeles"
"207","Twain","Plumas"
"208","Eldridge","Sonoma"
"209","Old Station","Shasta"
"210","Paradise","Butte"
"211","Granite Bay","Placer"
"212","Covelo","Mendocino"
"213","American Canyon","Napa"
"214","El Centro","Imperial"
"215","Whittier","Los Angeles"
"216","Spring Garden","Plumas"
"217","Pacheco","Contra Costa"
"218","Cowan Heights","Orange"
"219","Millville","Shasta"
"220","East Orosi","Tulare"
"221","Almonte","Marin"
"222","Eagleville","Modoc"
"223","Soda Springs","Nevada"
"224","Pine Hills","Humboldt"
"225","Washington","Nevada"
"226","Duarte","Los Angeles"
"227","Rockport","Mendocino"
"228","Three Rivers","Tulare"
"229","Sanger","Fresno"
"230","Chula Vista","San Diego"
"231","Indianola","Humboldt"
"232","Mammoth Lakes","Mono"
"233","Dustin Acres","Kern"
"234","Jackson","Amador"
"235","Di Giorgio","Kern"
"236","Phoenix Lake","Tuolumne"
"237","Adelanto","San Bernardino"
"238","China Lake Acres","Kern"
"239","Vinton","Plumas"
"240","Rio Del Mar","Santa Cruz"
"241","Fort Jones","Siskiyou"
"242","Conejo","Fresno"
"243","Twentynine Palms","San Bernardino"
"244","Mount Laguna","San Diego"
"245","Rail Road Flat","Calaveras"
"246","Sutter","Sutter"
"247","Cleone","Mendocino"
"248","Caribou","Plumas"
"249","Zayante","Santa Cruz"
"250","Cupertino","Santa Clara"
"251","Tennant","Siskiyou"
"252","Terra Bella","Tulare"
"253","Stratford","Kings"
"254","Charter Oak","Los Angeles"
"255","Dollar Point","Placer"
"256","Edgemont","Riverside"
"257","Palm Springs","Riverside"
"258","Mettler","Kern"
"259","Trona","San Bernardino"
"260","Fullerton","Orange"
"261","Coto De Caza","Orange"
"262","Applegate","Placer"
"263","Lompoc","Santa Barbara"
"264","Tuttletown","Tuolumne"
"265","East Richmond Heights","Contra Costa"
"266","Victorville","San Bernardino"
"267","Desert Shores","Imperial"
"268","Hiouchi","Del Norte"
"269","Idyllwild","Riverside"
"270","Crescent City","Del Norte"
"271","Riverdale Park","Stanislaus"
"272","Mariposa","Mariposa"
"273","East Oakdale","Stanislaus"
"274","Anaheim","Orange"
"275","Coronado","San Diego"
"276","Laytonville","Mendocino"
"277","Westend","San Bernardino"
"278","Wasco","Kern"
"279","Fillmore","Ventura"
"280","Delano","Kern"
"281","Campbell","Santa Clara"
"282","Lynwood","Los Angeles"
"283","Winterhaven","Imperial"
"284","Lake Almanor Peninsula","Plumas"
"285","Hood","Sacramento"
"286","Palm Desert","Riverside"
"287","Temecula","Riverside"
"288","Irwindale","Los Angeles"
"289","Los Gatos","Santa Clara"
"290","Big Bend","Shasta"
"291","Arrowbear Lake","San Bernardino"
"292","Clarksburg","Yolo"
"293","Bonny Doon","Santa Cruz"
"294","Tollhouse","Fresno"
"295","Georgetown","El Dorado"
"296","Mendota","Fresno"
"297","Trinity Center","Trinity"
"298","Benbow","Humboldt"
"299","Newman","Stanislaus"
"300","Furnace Creek","Inyo"
"301","Eucalyptus Hills","San Diego"
"302","Fairview","Alameda"
"303","Fetters Hot Springs","Sonoma"
"304","Freeport","Sacramento"
"305","Grayson","Stanislaus"
"306","San Anselmo","Marin"
"307","Kneeland","Humboldt"
"308","Ashland","Alameda"
"309","Big River","San Bernardino"
"310","Kerman","Fresno"
"311","Laguna Woods","Orange"
"312","Marina del Rey","Los Angeles"
"313","Graeagle","Plumas"
"314","Solromar","Ventura"
"315","Suncrest","San Diego"
"316","Indio Hills","Riverside"
"317","Pollock Pines","El Dorado"
"318","Loyola","Santa Clara"
"319","Rancho Calaveras","Calaveras"
"320","Westmorland","Imperial"
"321","Hidden Hills","Los Angeles"
"322","La Honda","San Mateo"
"323","Storrie","Plumas"
"324","Menlo Park","San Mateo"
"325","Corona","Riverside"
"326","Alamo","Contra Costa"
"327","Cherokee Strip","Kern"
"328","Walnut Creek","Contra Costa"
"329","Fresno","Fresno"
"330","Bootjack","Mariposa"
"331","Pasadena","Los Angeles"
"332","Hobergs","Lake"
"333","San Marcos","San Diego"
"334","Badger","Tulare"
"335","Milpitas","Santa Clara"
"336","Oakhurst","Madera"
"337","Hillsborough","San Mateo"
"338","Valley Home","Stanislaus"
"339","Tranquillity","Fresno"
"340","Wofford Heights","Kern"
"341","Three Rocks","Fresno"
"342","National City","San Diego"
"343","Diablo Grande","Stanislaus"
"344","Piedmont","Alameda"
"345","Malibu","Los Angeles"
"346","Aguanga","Riverside"
"347","Mayflower Village","Los Angeles"
"348","Casmalia","Santa Barbara"
"349","Lamont","Kern"
"350","Lake San Marcos","San Diego"
"351","Los Alamitos","Orange"
"352","Bieber","Lassen"
"353","Hawaiian Gardens","Los Angeles"
"354","Arcadia","Los Angeles"
"355","Rodeo","Contra Costa"
"356","Monta Vista","Santa Clara"
"357","Parksdale","Madera"
"358","West Point","Calaveras"
"359","Madison","Yolo"
"360","Yreka","Siskiyou"
"361","Denair","Stanislaus"
"362","Gustine","Merced"
"363","Dunnigan","Yolo"
"364","Clio","Plumas"
"365","Florin","Sacramento"
"366","Boulevard","San Diego"
"367","Pedley","Riverside"
"368","Scotland","San Bernardino"
"369","Fairfield","Solano"
"370","Crest","San Diego"
"371","Richfield","Tehama"
"372","Firebaugh","Fresno"
"373","Glen Avon","Riverside"
"374","Calexico","Imperial"
"375","Belden","Plumas"
"376","Porterville","Tulare"
"377","Mission Viejo","Orange"
"378","Redwood Terrace","San Mateo"
"379","Junction City","Trinity"
"380","Pleasanton","Alameda"
"381","Richgrove","Tulare"
"382","Vista","San Diego"
"383","Mount Shasta","Siskiyou"
"384","Green Acres","Riverside"
"385","Big Pine","Inyo"
"386","Gerber","Tehama"
"387","Carson","Los Angeles"
"388","Sleepy Hollow","San Bernardino"
"389","Borrego Springs","San Diego"
"390","Tuolumne City","Tuolumne"
"391","McArthur","Shasta"
"392","Hoopa","Humboldt"
"393","Tracy","San Joaquin"
"394","Arnold","Calaveras"
"395","Gardena","Los Angeles"
"396","Marinwood","Marin"
"397","North Auburn","Placer"
"398","Palo Alto","Santa Clara"
"399","Lomita","Los Angeles"
"400","Vine Hill","Contra Costa"
"401","Carnelian Bay","Placer"
"402","Clifton","Los Angeles"
"403","Graniteville","Nevada"
"404","McCloud","Siskiyou"
"405","Empire","Stanislaus"
"406","East Shore","Plumas"
"407","Meadow Valley","Plumas"
"408","Chino Hills","San Bernardino"
"409","Pacifica","San Mateo"
"410","Cowell","Contra Costa"
"411","Hamilton Branch","Plumas"
"412","Columbia","Tuolumne"
"413","El Sobrante","Contra Costa"
"414","Hilt","Siskiyou"
"415","Signal Hill","Los Angeles"
"416","Granite Hills","San Diego"
"417","Santa Maria","Santa Barbara"
"418","Murphys","Calaveras"
"419","Willowbrook","Los Angeles"
"420","Hyampom","Trinity"
"421","Westside","Fresno"
"422","Easton","Fresno"
"423","Shackelford","Stanislaus"
"424","El Casco","Riverside"
"425","Keyes","Stanislaus"
"426","Wildomar","Riverside"
"427","Laguna Beach","Orange"
"428","Spring Valley Lake","San Bernardino"
"429","San Diego Country Estates","San Diego"
"430","Burnt Ranch","Trinity"
"431","Indian Falls","Plumas"
"432","Hartley","Solano"
"433","Santa Barbara","Santa Barbara"
"434","Mecca","Riverside"
"435","Tahoe City","Placer"
"436","Wilton","Sacramento"
"437","Fort Bragg","Mendocino"
"438","Temple City","Los Angeles"
"439","Alta Sierra","Nevada"
"440","Orange","Orange"
"441","North Edwards","Kern"
"442","Pasatiempo","Santa Cruz"
"443","Hidden Meadows","San Diego"
"444","Lake Elsinore","Riverside"
"445","College City","Colusa"
"446","Mineral","Tehama"
"447","Portola Valley","San Mateo"
"448","Moonstone","Humboldt"
"449","Sunnyvale","Santa Clara"
"450","Sattley","Sierra"
"451","Burrel","Fresno"
"452","San Bruno","San Mateo"
"453","Mesa Vista","Alpine"
"454","Cedarville","Modoc"
"455","Lake Arrowhead","San Bernardino"
"456","Suisun","Solano"
"457","Wheeler Ridge","Kern"
"458","Proberta","Tehama"
"459","Wilsonia","Tulare"
"460","Thornton","San Joaquin"
"461","Vista Santa Rosa","Riverside"
"462","Cassel","Shasta"
"463","Devore","San Bernardino"
"464","Little Grass Valley","Plumas"
"465","August","San Joaquin"
"466","Vallecito","Calaveras"
"467","Watsonville","Santa Cruz"
"468","Malaga","Fresno"
"469","Westmont","Los Angeles"
"470","Allensworth","Tulare"
"471","Calabasas","Los Angeles"
"472","Monterey Park","Los Angeles"
"473","Fields Landing","Humboldt"
"474","Earlimart","Tulare"
"475","Pine Valley","San Diego"
"476","San Rafael","Marin"
"477","Costa Mesa","Orange"
"478","Garey","Santa Barbara"
"479","Roseville","Placer"
"480","El Toro","Orange"
"481","Weott","Humboldt"
"482","Del Aire","Los Angeles"
"483","Livermore","Alameda"
"484","Herndon","Fresno"
"485","Butte Meadows","Butte"
"486","Lenwood","San Bernardino"
"487","College Heights","San Bernardino"
"488","Oak Glen","San Bernardino"
"489","Desert Hot Springs","Riverside"
"490","Onyx","Kern"
"491","Coachella","Riverside"
"492","Oasis","Riverside"
"493","Sierra Madre","Los Angeles"
"494","Green Valley Lake","San Bernardino"
"495","Elkhorn","Monterey"
"496","Carmichael","Sacramento"
"497","Soulsbyville","Tuolumne"
"498","Sausalito","Marin"
"499","Hughson","Stanislaus"
"500","Beckwourth","Plumas"
"501","Pond","Kern"
"502","Hartland","Tulare"
"503","Cuyama","Santa Barbara"
"504","Ceres","Stanislaus"
"505","Smartsville","Yuba"
"506","Holtville","Imperial"
"507","Fish Camp","Mariposa"
"508","Glen Ellen","Sonoma"
"509","Janesville","Lassen"
"510","Turlock","Stanislaus"
"511","Bassett","Los Angeles"
"512","Greeley Hill","Mariposa"
"513","San Antonio Heights","San Bernardino"
"514","Round Mountain","Shasta"
"515","Palomar Park","San Mateo"
"516","Muir Beach","Marin"
"517","Cypress","Orange"
"518","Delhi","Merced"
"519","Gold River","Sacramento"
"520","Lake Almanor West","Plumas"
"521","Blythe","Riverside"
"522","Acampo","San Joaquin"
"523","Ukiah","Mendocino"
"524","Morada","San Joaquin"
"525","Eureka","Humboldt"
"526","West Puente Valley","Los Angeles"
"527","Newberry Springs","San Bernardino"
"528","Pittsburg","Contra Costa"
"529","Glenview","San Diego"
"530","Deer Park","Napa"
"531","Red Bluff","Tehama"
"532","Gilroy","Santa Clara"
"533","Waukena","Tulare"
"534","Maricopa","Kern"
"535","Nicasio","Marin"
"536","San Marino","Los Angeles"
"537","Huntington Park","Los Angeles"
"538","Piñon Hills","San Bernardino"
"539","Rosemead","Los Angeles"
"540","Colusa","Colusa"
"541","Iron Horse","Plumas"
"542","Palo Verde","Imperial"
"543","Parlier","Fresno"
"544","Spreckels","Monterey"
"545","El Rio","Ventura"
"546","Commerce","Los Angeles"
"547","Creston","San Luis Obispo"
"548","Mabie","Plumas"
"549","Arcata","Humboldt"
"550","Crows Landing","Stanislaus"
"551","Lockwood","Monterey"
"552","Canby","Modoc"
"553","Lake Davis","Plumas"
"554","Julian","San Diego"
"555","Desert Edge","Riverside"
"556","Yucaipa","San Bernardino"
"557","Norwalk","Los Angeles"
"558","Ontario","San Bernardino"
"559","Whitehawk","Plumas"
"560","Pixley","Tulare"
"561","Hollywood","Los Angeles"
"562","Klamath River","Siskiyou"
"563","San Carlos","San Mateo"
"564","East La Mirada","Los Angeles"
"565","Willow Ranch","Modoc"
"566","Ponderosa","Tulare"
"567","Burlingame","San Mateo"
"568","Reedley","Fresno"
"569","Posey","Tulare"
"570","Cecilville","Siskiyou"
"571","Nicolaus","Sutter"
"572","Olivehurst","Yuba"
"573","La Crescenta","Los Angeles"
"574","Fortuna","Humboldt"
"575","Litchfield","Lassen"
"576","Avocado Heights","Los Angeles"
"577","Bear Valley Springs","Kern"
"578","Meeks Bay","El Dorado"
"579","Concord","Contra Costa"
"580","Mountain Mesa","Kern"
"581","Canyon","Alameda"
"582","Frazier Park","Kern"
"583","Madeline","Lassen"
"584","South Dos Palos","Merced"
"585","Scotts Valley","Santa Cruz"
"586","Sunnyslope","Riverside"
"587","Goodyears Bar","Sierra"
"588","Atwater","Merced"
"589","Torrance","Los Angeles"
"590","Rio Dell","Humboldt"
"591","Tulelake","Siskiyou"
"592","Orange Park Acres","Orange"
"593","Antioch","Contra Costa"
"594","Oceano","San Luis Obispo"
"595","Soda Bay","Lake"
"596","Kyburz","El Dorado"
"597","Elk Grove","Sacramento"
"598","Bear Valley","Alpine"
"599","Strawberry","Tuolumne"
"600","Boonville","Mendocino"
"601","Sugarloaf Mountain Park","Tulare"
"602","La Selva Beach","Santa Cruz"
"603","Red Mountain","San Bernardino"
"604","Highgrove","Riverside"
"605","South Fontana","San Bernardino"
"606","Val Verde","Los Angeles"
"607","Groveland","Tuolumne"
"608","Elmira","Solano"
"609","Dominguez","Los Angeles"
"610","Sierra Village","Tuolumne"
"611","Santa Venetia","Marin"
"612","South Gate","Los Angeles"
"613","Moraga","Contra Costa"
"614","Glendora","Los Angeles"
"615","North El Monte","Los Angeles"
"616","Keddie","Plumas"
"617","Emigrant Gap","Placer"
"618","Ridgecrest","Kern"
"619","Laguna Niguel","Orange"
"620","Sacramento","Sacramento"
"621","Lemoore","Kings"
"622","Adin","Modoc"
"623","Blairsden","Plumas"
"624","Colma","San Mateo"
"625","Seaside","Monterey"
"626","Lytle Creek","San Bernardino"
"627","Caliente","Kern"
"628","El Portal","Mariposa"
"629","East Porterville","Tulare"
"630","Los Banos","Merced"
"631","Folsom","Sacramento"
"632","South Laguna","Orange"
"633","Manchester","Mendocino"
"634","Lake Isabella","Kern"
"635","Montara","San Mateo"
"636","Oak Hills","San Bernardino"
"637","Camptonville","Yuba"
"638","Fontana","San Bernardino"
"639","Tuolumne","Tuolumne"
"640","San Martin","Santa Clara"
"641","Shingletown","Shasta"
"642","Cloverdale","Sonoma"
"643","Country Club","San Joaquin"
"644","Del Rio","Stanislaus"
"645","Imperial Beach","San Diego"
"646","Catheys Valley","Mariposa"
"647","Heber","Imperial"
"648","Cedar Slope","Tulare"
"649","Lemon Grove","San Diego"
"650","Alamo Oaks","Contra Costa"
"651","Macdoel","Siskiyou"
"652","Daly City","San Mateo"
"653","Lagunitas","Marin"
"654","Orinda","Contra Costa"
"655","El Granada","San Mateo"
"656","San Pasqual","San Diego"
"657","Lee Vining","Mono"
"658","Crescent Mills","Plumas"
"659","Valley Springs","Calaveras"
"660","Traver","Tulare"
"661","Riverside","Riverside"
"662","Descanso","San Diego"
"663","Brawley","Imperial"
"664","Buttonwillow","Kern"
"665","Potrero","San Diego"
"666","Camp Nelson","Tulare"
"667","El Cajon","San Diego"
"668","Tecopa","Inyo"
"669","Millbrae","San Mateo"
"670","Pacific Grove","Monterey"
"671","Rosemont","Sacramento"
"672","Aptos","Santa Cruz"
"673","Santa Ynez","Santa Barbara"
"674","Vincent","Los Angeles"
"675","Bay Point","Contra Costa"
"676","Davenport","Santa Cruz"
"677","Laws","Inyo"
"678","Merced","Merced"
"679","Mira Loma","Riverside"
"680","Murrieta","Riverside"
"681","San Gregorio","San Mateo"
"682","Peters","San Joaquin"
"683","Auberry","Fresno"
"684","Hornbrook","Siskiyou"
"685","Rheem","Contra Costa"
"686","Tahoe Vista","Placer"
"687","Ojai","Ventura"
"688","Tarpey Village","Fresno"
"689","West Park","Fresno"
"690","Comptche","Mendocino"
"691","Hardwick","Kings"
"692","Cold Springs","El Dorado"
"693","Cohasset","Butte"
"694","West Menlo Park","San Mateo"
"695","Salmon Creek","Sonoma"
"696","Courtland","Sacramento"
"697","Rialto","San Bernardino"
"698","Weaverville","Trinity"
"699","Dutch Flat","Placer"
"700","Garden Farms","San Luis Obispo"
"701","Wheatland","Yuba"
"702","Lucerne","Lake"
"703","West Carson","Los Angeles"
"704","Elk Creek","Glenn"
"705","Woodland","Yolo"
"706","Santa Rosa","Sonoma"
"707","Palm Desert Country","Riverside"
"708","Avila Beach","San Luis Obispo"
"709","Planada","Merced"
"710","Kirkwood","Alpine"
"711","Marysville","Yuba"
"712","Newcastle","Placer"
"713","Palmdale","Los Angeles"
"714","Saratoga","Santa Clara"
"715","Occidental","Sonoma"
"716","Plainview","Tulare"
"717","Angels Camp","Calaveras"
"718","Sultana","Tulare"
"719","West Covina","Los Angeles"
"720","Belmont","San Mateo"
"721","Bloomfield","Sonoma"
"722","Sky Londa","San Mateo"
"723","Long Beach","Los Angeles"
"724","London","Tulare"
"725","Greenacres","Kern"
"726","Sloat","Plumas"
"727","Santee","San Diego"
"728","Montalvo","Ventura"
"729","Los Osos","San Luis Obispo"
"730","Walnut","Los Angeles"
"731","Madera","Madera"
"732","White Water","Riverside"
"733","Hornitos","Mariposa"
"734","Rollingwood","Contra Costa"
"735","Benicia","Solano"
"736","Atherton","San Mateo"
"737","Brentwood","Contra Costa"
"738","Los Medanos","Contra Costa"
"739","Sutter Creek","Amador"
"740","South Pasadena","Los Angeles"
"741","Friant","Fresno"
"742","Cazadero","Sonoma"
"743","Sonora","Tuolumne"
"744","Kettleman City","Kings"
"745","Surfside","Orange"
"746","Moccasin","Tuolumne"
"747","Santa Margarita","San Luis Obispo"
"748","Rutherford","Napa"
"749","Meadow Vista","Placer"
"750","Monrovia","Los Angeles"
"751","Ripley","Riverside"
"752","Los Alamos","Santa Barbara"
"753","Whitley Gardens","San Luis Obispo"
"754","Los Serranos","San Bernardino"
"755","Agoura","Los Angeles"
"756","Santa Susana","Ventura"
"757","Nipinnawasee","Madera"
"758","Desert View Highlands","Los Angeles"
"759","Cartago","Inyo"
"760","Lamoine","Shasta"
"761","Middletown","Lake"
"762","Copperopolis","Calaveras"
"763","Mount Baldy","San Bernardino"
"764","Valle Vista","Riverside"
"765","Rolling Hills Estates","Los Angeles"
"766","Aliso Viejo","Orange"
"767","Weed","Siskiyou"
"768","Santa Cruz","Santa Cruz"
"769","Sunnyside","Fresno"
"770","Vacaville","Solano"
"771","Dunsmuir","Siskiyou"
"772","San Ardo","Monterey"
"773","Artesia","Los Angeles"
"774","Soquel","Santa Cruz"
"775","Walker","Mono"
"776","Moss Beach","San Mateo"
"777","West Whittier","Los Angeles"
"778","Stockton","San Joaquin"
"779","San Juan Capistrano","Orange"
"780","Lancaster","Los Angeles"
"781","San Gabriel","Los Angeles"
"782","Parkwood","Madera"
"783","Stinson Beach","Marin"
"784","Floriston","Nevada"
"785","Rough and Ready","Nevada"
"786","Palo Cedro","Shasta"
"787","Homeland","Riverside"
"788","Salton Sea Beach","Imperial"
"789","Simi Valley","Ventura"
"790","Bradbury","Los Angeles"
"791","Avalon","Los Angeles"
"792","Dorris","Siskiyou"
"793","Lake Wildwood","Nevada"
"794","Johnstown","San Diego"
"795","Ladera Heights","Los Angeles"
"796","San Dimas","Los Angeles"
"797","Plymouth","Amador"
"798","Mojave","Kern"
"799","Port Costa","Contra Costa"
"800","Martell","Amador"
"801","Rohnerville","Humboldt"
"802","Magalia","Butte"
"803","Shandon","San Luis Obispo"
"804","Thermal","Riverside"
"805","Rosamond","Kern"
"806","Arvin","Kern"
"807","Edison","Kern"
"808","La Porte","Plumas"
"809","Contra Costa Centre","Contra Costa"
"810","Corte Madera","Marin"
"811","Otterbein","Los Angeles"
"812","Alameda","Alameda"
"813","Fremont","Alameda"
"814","Boronda","Monterey"
"815","North Tustin","Orange"
"816","Walnut Park","Los Angeles"
"817","Pearblossom","Los Angeles"
"818","Jesmond Dene","San Diego"
"819","Fowler","Fresno"
"820","Montalvin","Contra Costa"
"821","Calipatria","Imperial"
"822","Beaumont","Riverside"
"823","San Andreas","Calaveras"
"824","Santa Monica","Los Angeles"
"825","Valley Center","San Diego"
"826","East Highlands","San Bernardino"
"827","Channel Islands Beach","Ventura"
"828","Yermo","San Bernardino"
"829","Crockett","Contra Costa"
"830","San Fernando","Los Angeles"
"831","Camarillo","Ventura"
"832","Diamond Springs","El Dorado"
"833","Susanville","Lassen"
"834","Delft Colony","Tulare"
"835","Kernville","Kern"
"836","Herald","Sacramento"
"837","Solana Beach","San Diego"
"838","Fountain Valley","Orange"
"839","Valley View Park","San Bernardino"
"840","Wrightwood","San Bernardino"
"841","Esparto","Yolo"
"842","Honcut","Butte"
"843","Crannell","Humboldt"
"844","Rancho Cordova","Sacramento"
"845","Seeley","Imperial"
"846","South San Francisco","San Mateo"
"847","Twin Peaks","San Bernardino"
"848","Del Dios","San Diego"
"849","Victor","San Joaquin"
"850","Lytton","Sonoma"
"851","Humboldt Hill","Humboldt"
"852","Wendel","Lassen"
"853","Richmond","Contra Costa"
"854","Guadalupe","Santa Barbara"
"855","Willow Creek","Humboldt"
"856","Tecate","San Diego"
"857","Buena Vista","Amador"
"858","Escalon","San Joaquin"
"859","Belvedere","Marin"
"860","Cotati","Sonoma"
"861","Barstow","San Bernardino"
"862","Downieville","Sierra"
"863","Oro Grande","San Bernardino"
"864","Mexican Colony","Kern"
"865","Squirrel Mountain Valley","Kern"
"866","Shelter Cove","Humboldt"
"867","La Palma","Orange"
"868","Ladera Ranch","Orange"
"869","Hermosa Beach","Los Angeles"
"870","Kennedy","San Joaquin"
"871","Shasta Lake","Shasta"
"872","Blackhawk","Contra Costa"
"873","Willows","Glenn"
"874","California Pines","Modoc"
"875","Greenfield","Monterey"
"876","Ocotillo","Imperial"
"877","Mi-Wuk Village","Tuolumne"
"878","Byron","Contra Costa"
"879","Capistrano Beach","Orange"
"880","Rio Oso","Sutter"
"881","Madera Acres","Madera"
"882","Redway","Humboldt"
"883","Temelec","Sonoma"
"884","Bluewater","San Bernardino"
"885","Caspar","Mendocino"
"886","Bonita","San Diego"
"887","Point Arena","Mendocino"
"888","Keeler","Inyo"
"889","Nord","Butte"
"890","East Hemet","Riverside"
"891","Pine Mountain Club","Kern"
"892","Paramount","Los Angeles"
"893","Raymond","Madera"
"894","Smiley Park","San Bernardino"
"895","La Presa","San Diego"
"896","Plumas Lake","Yuba"
"897","Lake of the Woods","Kern"
"898","Cabazon","Riverside"
"899","Mendocino","Mendocino"
"900","Mad River","Trinity"
"901","Phillipsville","Humboldt"
"902","Del Rey","Fresno"
"903","Compton","Los Angeles"
"904","Anza","Riverside"
"905","Petaluma","Sonoma"
"906","Los Olivos","Santa Barbara"
"907","Oak Park","Ventura"
"908","San Juan Bautista","San Benito"
"909","Chowchilla","Madera"
"910","Yorba Linda","Orange"
"911","Westlake Village","Los Angeles"
"912","Mount Eden","Alameda"
"913","Salton City","Imperial"
"914","Newhall","Los Angeles"
"915","Dixon","Solano"
"916","Loma Linda","San Bernardino"
"917","Geyserville","Sonoma"
"918","Bodfish","Kern"
"919","Pinole","Contra Costa"
"920","Menifee","Riverside"
"921","Hamburg","Siskiyou"
"922","Montecito","Santa Barbara"
"923","San Lorenzo","Alameda"
"924","Terminous","San Joaquin"
"925","Carmel Valley","Monterey"
"926","Oildale","Kern"
"927","San Joaquin","Fresno"
"928","Hickman","Stanislaus"
"929","Greenhorn","Plumas"
"930","Isla Vista","Santa Barbara"
"931","Home Garden","Kings"
"932","Talmage","Mendocino"
"933","Hopland","Mendocino"
"934","Oak View","Ventura"
"935","Ross","Marin"
"936","Weldon","Kern"
"937","Good Hope","Riverside"
"938","Stonyford","Colusa"
"939","Fairmead","Madera"
"940","Hawthorne","Los Angeles"
"941","Mono City","Mono"
"942","Carpinteria","Santa Barbara"
"943","Lower Lake","Lake"
"944","East Sonora","Tuolumne"
"945","Coleville","Mono"
"946","Ripon","San Joaquin"
"947","Redwood City","San Mateo"
"948","Del Rey Oaks","Monterey"
"949","La Cañada Flintridge","Los Angeles"
"950","Boulder Creek","Santa Cruz"
"951","Sierra Brooks","Sierra"
"952","Running Springs","San Bernardino"
"953","Amesti","Santa Cruz"
"954","Pineridge","Fresno"
"955","Prattville","Plumas"
"956","Phelan","San Bernardino"
"957","Eastvale","Riverside"
"958","Callender","San Luis Obispo"
"959","Gualala","Mendocino"
"960","Rancho Palos Verdes","Los Angeles"
"961","Selma","Fresno"
"962","Alhambra","Los Angeles"
"963","Springville","Tulare"
"964","Mount Hebron","Siskiyou"
"965","Escondido","San Diego"
"966","Alto","Marin"
"967","Penn Valley","Nevada"
"968","Carmel-by-the-Sea","Monterey"
"969","East Rancho Dominguez","Los Angeles"
"970","Greenbrae","Marin"
"971","Aromas","San Benito"
"972","Ventura","Ventura"
"973","Searles Valley","San Bernardino"
"974","Parkway","Sacramento"
"975","Daggett","San Bernardino"
"976","Seacliff","Santa Cruz"
"977","Woodville","Tulare"
"978","Inyokern","Kern"
"979","Woodcrest","Riverside"
"980","Morgan Hill","Santa Clara"
"981","Bermuda Dunes","Riverside"
"982","Cedarpines Park","San Bernardino"
"983","Laguna Hills","Orange"
"984","Nipomo","San Luis Obispo"
"985","Mountain Center","Riverside"
"986","Monson","Tulare"
"987","Muscoy","San Bernardino"
"988","Orosi","Tulare"
"989","Calpella","Mendocino"
"990","Westport","Mendocino"
"991","Markleeville","Alpine"
"992","Del Monte Forest","Monterey"
"993","Edgewood","Siskiyou"
"994","Yountville","Napa"
"995","Bombay Beach","Imperial"
"996","Jamacha Junction","San Diego"
"997","Cudahy","Los Angeles"
"998","Sugarloaf Saw Mill","Tulare"
"999","Allendale","Solano"
"1000","La Vina","Madera"
"1001","Rio Linda","Sacramento"
"1002","Gorman","Los Angeles"
"1003","Drytown","Amador"
"1004","East Los Angeles","Los Angeles"
"1005","Ivanhoe","Tulare"
"1006","Callahan","Siskiyou"
"1007","Colfax","Placer"
"1008","Lennox","Los Angeles"
"1009","Gridley","Butte"
"1010","Bass Lake","Madera"
"1011","Terra Linda","Marin"
"1012","Johannesburg","Kern"
"1013","Skyforest","San Bernardino"
"1014","Douglas City","Trinity"
"1015","Lucas Valley","Marin"
"1016","El Cerrito","Contra Costa"
"1017","Dublin","Alameda"
"1018","Cotton Center","Tulare"
"1019","Lake Hughes","Los Angeles"
"1020","Paxton","Plumas"
"1021","Santa Clarita","Los Angeles"
"1022","Keene","Kern"
"1023","Helm","Fresno"
"1024","Huron","Fresno"
"1025","Manteca","San Joaquin"
"1026","Randsburg","Kern"
"1027","Vineyard","Sacramento"
"1028","Highlands","San Mateo"
"1029","San Francisco","San Francisco"
"1030","Kilkare Woods","Alameda"
"1031","Valley Ranch","Plumas"
"1032","Woodside","San Mateo"
"1033","Saticoy","Ventura"
"1034","Cambria","San Luis Obispo"
"1035","Harbison Canyon","San Diego"
"1036","Alturas","Modoc"
"1037","San Quentin","Marin"
"1038","Rancho Murieta","Sacramento"
"1039","Idlewild","Tulare"
"1040","Bridgeport","Mono"
"1041","Tustin","Orange"
"1042","Somis","Ventura"
"1043","Alpine Village","Alpine"
"1044","Fulton","Sonoma"
"1045","Strathmore","Tulare"
"1046","Spring Valley","San Diego"
"1047","Rossmoor","Orange"
"1048","South Oroville","Butte"
"1049","Clyde","Contra Costa"
"1050","Shasta","Shasta"
"1051","Santa Ana","Orange"
"1052","Lookout","Modoc"
"1053","Blocksburg","Humboldt"
"1054","Robbins","Sutter"
"1055","Woodfords","Alpine"
"1056","Saugus","Los Angeles"
"1057","Diablo","Contra Costa"
"1058","North Fair Oaks","San Mateo"
"1059","Home Gardens","Riverside"
"1060","Princeton","Colusa"
"1061","Ballard","Santa Barbara"
"1062","Lakehead","Shasta"
"1063","Fairfax","Marin"
"1064","Moreno Valley","Riverside"
"1065","Garnet","Riverside"
"1066","Downey","Los Angeles"
"1067","Trabuco Canyon","Orange"
"1068","Healdsburg","Sonoma"
"1069","Oakley","Contra Costa"
"1070","Armona","Kings"
"1071","Viola","Shasta"
"1072","San Clemente","Orange"
"1073","Half Moon Bay","San Mateo"
"1074","Ingot","Shasta"
"1075","Mill Valley","Marin"
"1076","Hemet","Riverside"
"1077","Le Grand","Merced"
"1078","Alta Loma","San Bernardino"
"1079","Hanford","Kings"
"1080","Redwood Valley","Mendocino"
"1081","O'Neals","Madera"
"1082","Glendale","Los Angeles"
"1083","Day Valley","Santa Cruz"
"1084","Woodbridge","San Joaquin"
"1085","Blue Lake","Humboldt"
"1086","East Whittier","Los Angeles"
"1087","Cherryland","Alameda"
"1088","Los Berros","San Luis Obispo"
"1089","Sunol","Alameda"
"1090","Mission Canyon","Santa Barbara"
"1091","Lanare","Fresno"
"1092","Albany","Alameda"
"1093","Honeydew","Humboldt"
"1094","Potter Valley","Mendocino"
"1095","Walnut Heights","Contra Costa"
"1096","Big Bar","Trinity"
"1097","Lockeford","San Joaquin"
"1098","West Sacramento","Yolo"
"1099","Patton Village","Lassen"
"1100","Loma Rica","Yuba"
"1101","Camanche Village","Amador"
"1102","Rancho Tehama Reserve","Tehama"
"1103","Mesa Grande","San Diego"
"1104","Yankee Hill","Butte"
"1105","Monte Rio","Sonoma"
"1106","Live Oak","Sutter"
"1107","South Lake","Kern"
"1108","Berkeley","Alameda"
"1109","Marina","Monterey"
"1110","Lake of the Pines","Nevada"
"1111","Los Altos Hills","Santa Clara"
"1112","Little River","Mendocino"
"1113","Chualar","Monterey"
"1114","Artois","Glenn"
"1115","Bonsall","San Diego"
"1116","Emerald Lake Hills","San Mateo"
"1117","Sisquoc","Santa Barbara"
"1118","Almanor","Plumas"
"1119","Alta","Placer"
"1120","Dillon Beach","Marin"
"1121","Alderpoint","Humboldt"
"1122","Balance Rock","Tulare"
"1123","Samoa","Humboldt"
"1124","Salida","Stanislaus"
"1125","Bradley","Monterey"
"1126","San Luis Obispo","San Luis Obispo"
"1127","Stevinson","Merced"
"1128","Pearsonville","Inyo"
"1129","El Dorado Hills","El Dorado"
"1130","Warner Springs","San Diego"
"1131","Napa","Napa"
"1132","Baldwin Park","Los Angeles"
"1133","Forest Ranch","Butte"
"1134","Bethel Island","Contra Costa"
"1135","Citrus","Los Angeles"
"1136","Fernbrook","San Diego"
"1137","Tuttle","Merced"
"1138","Castella","Shasta"
"1139","Winters","Yolo"
"1140","Benton","Mono"
"1141","Birds Landing","Solano"
"1142","Mentone","San Bernardino"
"1143","Los Nietos","Los Angeles"
"1144","Las Cruces","Santa Barbara"
"1145","Davis","Yolo"
"1146","Westwood","Lassen"
"1147","Alondra Park","Los Angeles"
"1148","Glenn","Glenn"
"1149","La Habra","Orange"
"1150","Lafayette","Contra Costa"
"1151","Taft Heights","Kern"
"1152","Rancho Cucamonga","San Bernardino"
"1153","Elk","Mendocino"
"1154","Mission Hills","Santa Barbara"
"1155","Lake Los Angeles","Los Angeles"
"1156","Indian Wells","Riverside"
"1157","San Simeon","San Luis Obispo"
"1158","San Augustine","Santa Barbara"
"1159","Ruth","Trinity"
"1160","Shively","Humboldt"
"1161","Riverview Farms","San Diego"
"1162","Corralitos","Santa Cruz"
"1163","Raisin City","Fresno"
"1164","Castro Valley","Alameda"
"1165","Newport Beach","Orange"
"1166","Gasquet","Del Norte"
"1167","Flournoy","Tehama"
"1168","Hidden Valley Lake","Lake"
"1169","Hilmar","Merced"
"1170","Franklin","Sacramento"
"1171","Bayview","Humboldt"
"1172","Grenada","Siskiyou"
"1173","Lewiston","Trinity"
"1174","Cherry Valley","Riverside"
"1175","Bell","Los Angeles"
"1176","Niland","Imperial"
"1177","Goleta","Santa Barbara"
"1178","Lakeside","San Diego"
"1179","Tahoma","Placer"
"1180","Florence","Los Angeles"
"1181","Cressey","Merced"
"1182","Fort Bidwell","Modoc"
"1183","Grover Beach","San Luis Obispo"
"1184","Willits","Mendocino"
"1185","Linda","Yuba"
"1186","Pebble Beach","Monterey"
"1187","Culver City","Los Angeles"
"1188","Arrowhead Highlands","San Bernardino"
"1189","Ramona","San Diego"
"1190","Citrus Heights","Sacramento"
"1191","Alpaugh","Tulare"
"1192","Berry Creek","Butte"
"1193","Bowles","Fresno"
"1194","Brookdale","Santa Cruz"
"1195","Stanford","Santa Clara"
"1196","Pismo Beach","San Luis Obispo"
"1197","Riverdale","Fresno"
"1198","Edmundson Acres","Kern"
"1199","Taft","Kern"
"1200","Covina","Los Angeles"
"1201","Edna","San Luis Obispo"
"1202","Lakeland Village","Riverside"
"1203","Oakland","Alameda"
"1204","Point Reyes Station","Marin"
"1205","West Hollywood","Los Angeles"
"1206","Forest Knolls","Marin"
"1207","Marin City","Marin"
"1208","Monte Sereno","Santa Clara"
"1209","Lake City","Modoc"
"1210","Caruthers","Fresno"
"1211","Coloma","El Dorado"
"1212","Lebec","Kern"
"1213","South San Jose Hills","Los Angeles"
"1214","View Park","Los Angeles"
"1215","Albion","Mendocino"
"1216","Bodega","Sonoma"
"1217","Bryn Mawr","San Bernardino"
"1218","Crafton","San Bernardino"
"1219","Capitola","Santa Cruz"
"1220","South Taft","Kern"
"1221","Topaz","Mono"
"1222","Lake Nacimiento","San Luis Obispo"
"1223","Chico","Butte"
"1224","Brisbane","San Mateo"
"1225","Myrtletown","Humboldt"
"1226","Lakeview","Riverside"
"1227","Cantua Creek","Fresno"
"1228","Biggs","Butte"
"1229","Diamond Bar","Los Angeles"
"1230","Casitas Springs","Ventura"
"1231","Winchester","Riverside"
"1232","Garden Grove","Orange"
"1233","Bellflower","Los Angeles"
"1234","Toro Canyon","Santa Barbara"
"1235","White Pines","Calaveras"
"1236","San Mateo","San Mateo"
"1237","Dobbins","Yuba"
"1238","Mountain House","San Joaquin"
"1239","Oceanside","San Diego"
"1240","Clear Creek","Siskiyou"
"1241","San Diego","San Diego"
"1242","Bystrom","Stanislaus"
"1243","Cambrian Park","Santa Clara"
"1244","Palos Verdes Estates","Los Angeles"
"1245","Sea Ranch","Sonoma"
"1246","San Jose","Santa Clara"
"1247","Penryn","Placer"
"1248","Freedom","Santa Cruz"
"1249","Clay","Sacramento"
"1250","Pescadero","San Mateo"
"1251","Yolo","Yolo"
"1252","Pala","San Diego"
"1253","Calpine","Sierra"
"1254","South Lake Tahoe","El Dorado"
"1255","Carlsbad","San Diego"
"1256","Cardiff-by-the-Sea","San Diego"
"1257","Redlands","San Bernardino"
"1258","Prunedale","Monterey"
"1259","Clovis","Fresno"
"1260","Manila","Humboldt"
"1261","Mortmar","Riverside"
"1262","Nice","Lake"
"1263","Leucadia","San Diego"
"1264","Mountain Ranch","Calaveras"
"1265","Camino Tassajara","Contra Costa"
"1266","Mountain View","Santa Clara"
"1267","Cedar Glen","San Bernardino"
"1268","Lathrop","San Joaquin"
"1269","Crestline","San Bernardino"
"1270","Garden Acres","San Joaquin"
"1271","California Hot Springs","Tulare"
"1272","Truckee","Nevada"
"1273","Monterey","Monterey"
"1274","Requa","Del Norte"
"1275","Pioneer","Amador"
"1276","Sugarloaf Village","Tulare"
"1277","Fuller Acres","Kern"
"1278","Oxnard","Ventura"
"1279","Amboy","San Bernardino"
"1280","Elderwood","Tulare"
"1281","Desert Center","Riverside"
"1282","Dogtown","San Joaquin"
"1283","Kentfield","Marin"
"1284","Broadmoor","San Mateo"
"1285","Manton","Tehama"
"1286","Camino","El Dorado"
"1287","Clayton","Contra Costa"
"1288","Lodoga","Colusa"
"1289","French Gulch","Shasta"
"1290","Winton","Merced"
"1291","Boyes Hot Springs","Sonoma"
"1292","Woodlake","Tulare"
"1293","Bostonia","San Diego"
"1294","Philo","Mendocino"
"1295","Chinese Camp","Tuolumne"
"1296","Villa Park","Orange"
"1297","Oakville","Napa"
"1298","River Pines","Amador"
"1299","Ono","Shasta"
"1300","Gazelle","Siskiyou"
"1301","Hamilton City","Glenn"
"1302","Grangeville","Kings"
"1303","Mead Valley","Riverside"
"1304","Korbel","Humboldt"
"1305","Redondo Beach","Los Angeles"
"1306","Gonzales","Monterey"
"1307","Orland","Glenn"
"1308","Twin Lakes","Santa Cruz"
"1309","Pico Rivera","Los Angeles"
"1310","San Lucas","Monterey"
"1311","Stanton","Orange"
"1312","Thousand Oaks","Ventura"
"1313","Clearlake Oaks","Lake"
"1314","Doyle","Lassen"
"1315","Colton","San Bernardino"
"1316","Bear Creek","Merced"
"1317","Ballico","Merced"
"1318","Shafter","Kern"
"1319","Cerritos","Los Angeles"
"1320","Loyalton","Sierra"
"1321","Little Valley","Lassen"
"1322","Mountain View Acres","San Bernardino"
"1323","Shingle Springs","El Dorado"
"1324","Montclair","San Bernardino"
"1325","Smith Corner","Kern"
"1326","Vandenberg Village","Santa Barbara"
"1327","Lexington Hills","Santa Clara"
"1328","Montpelier","Stanislaus"
"1329","Ford City","Kern"
"1330","Russell City","Alameda"
"1331","Johnstonville","Lassen"
"1332","Pine Cove","Riverside"
"1333","Port Hueneme","Ventura"
"1334","Harmony","San Luis Obispo"
"1335","Somes Bar","Siskiyou"
"1336","Isleton","Sacramento"
"1337","Paynes Creek","Tehama"
"1338","Scotia","Humboldt"
"1339","Claremont","Los Angeles"
"1340","Fort Dick","Del Norte"
"1341","Chino","San Bernardino"
"1342","Alpine","San Diego"
"1343","Orange Cove","Fresno"
"1344","Valinda","Los Angeles"
"1345","Castroville","Monterey"
"1346","Coulterville","Mariposa"
"1347","Grass Valley","Nevada"
"1348","Casa de Oro","San Diego"
"1349","Quartz Hill","Los Angeles"
"1350","Kingvale","Nevada"
"1351","Mohawk Vista","Plumas"
"1352","Pine Grove","Amador"
"1353","North Richmond","Contra Costa"
"1354","Ben Lomond","Santa Cruz"
"1355","Forest Meadows","Calaveras"
"1356","Calwa","Fresno"
"1357","Snelling","Merced"
"1358","Loma Mar","San Mateo"
"1359","Top of the World","Orange"
"1360","Placentia","Orange"
"1361","Garberville","Humboldt"
"1362","Placerville","El Dorado"
"1363","Dos Palos Y","Merced"
"1364","Dunlap Acres","San Bernardino"
"1365","Palermo","Butte"
"1366","Lincoln","Placer"
"1367","Yettem","Tulare"
"1368","Atwood","Orange"
"1369","Daphnedale Park","Modoc"
"1370","Myers Flat","Humboldt"
"1371","Anderson","Shasta"
"1372","Auburn","Placer"
"1373","Lawndale","Los Angeles"
"1374","Verdemont","San Bernardino"
"1375","Los Trancos Woods","San Mateo"
"1376","Felton","Santa Cruz"
"1377","Westminster","Orange"
"1378","Calavo Gardens","San Diego"
"1379","Nubieber","Lassen"
"1380","Grossmont","San Diego"
"1381","Patterson","Stanislaus"
"1382","Nuevo","Riverside"
"1383","Grand Terrace","San Bernardino"
"1384","Las Lomas","Monterey"
"1385","Mokelumne Hill","Calaveras"
"1386","Derby Acres","Kern"
"1387","Lompico","Santa Cruz"
"1388","Big Sur","Monterey"
"1389","Sheridan","Placer"
"1390","Blue Canyon","Placer"
"1391","Toms Place","Mono"
"1392","Bangor","Butte"
"1393","San Geronimo","Marin"
"1394","Piru","Ventura"
"1395","Piercy","Mendocino"
"1396","Lindsay","Tulare"
"1397","Kings Beach","Placer"
"1398","Beverly Hills","Los Angeles"
"1399","Union City","Alameda"
"1400","Poso Park","Tulare"
"1401","Cottonwood","Shasta"
"1402","Bend","Tehama"
"1403","Angiola","Tulare"
"1404","Salyer","Trinity"
"1405","Bishop","Inyo"
"1406","Shoshone","Inyo"
"1407","Tonyville","Tulare"
"1408","Flinn Springs","San Diego"
"1409","La Verne","Los Angeles"
"1410","Klamath","Del Norte"
"1411","Kenwood","Sonoma"
"1412","Yucca Valley","San Bernardino"
"1413","Worth","Tulare"
"1414","Independence","Inyo"
"1415","Moss Landing","Monterey"
"1416","North Highlands","Sacramento"
"1417","Midpines","Mariposa"
"1418","Big Bear City","San Bernardino"
"1419","Lost Hills","Kern"
"1420","Lucerne Valley","San Bernardino"
"1421","Needles","San Bernardino"
"1422","Live Oak Springs","San Diego"
"1423","Coffee Creek","Trinity"
"1424","Stirling City","Butte"
"1425","Keswick","Shasta"
"1426","Carrick","Siskiyou"
"1427","King City","Monterey"
"1428","Rimforest","San Bernardino"
"1429","Lincoln Acres","San Diego"
"1430","Bodega Bay","Sonoma"
"1431","Orick","Humboldt"
"1432","Rancho San Diego","San Diego"
"1433","El Nido","Merced"
"1434","Hydesville","Humboldt"
"1435","Lemon Heights","Orange"
"1436","East San Gabriel","Los Angeles"
"1437","Agua Dulce","Los Angeles"
"1438","Visalia","Tulare"
"1439","Camden","Fresno"
"1440","Tara Hills","Contra Costa"
"1441","Ridgemark","San Benito"
"1442","Castaic","Los Angeles"
"1443","San Luis Rey","San Diego"
"1444","San Leandro","Alameda"
"1445","Larkspur","Marin"
"1446","Banning","Riverside"
"1447","Delleker","Plumas"
"1448","Mountain Gate","Shasta"
"1449","Linden","San Joaquin"
"1450","Poway","San Diego"
"1451","Taylorsville","Plumas"
"1452","Bolinas","Marin"
"1453","Tres Pinos","San Benito"
"1454","Westley","Stanislaus"
"1455","Los Angeles","Los Angeles"
"1456","Richvale","Butte"
"1457","Santa Paula","Ventura"
"1458","Lake Almanor Country Club","Plumas"
"1459","Campo","San Diego"
"1460","Big Creek","Fresno"
"1461","Moreno","Riverside"
"1462","Round Valley","Inyo"
"1463","Sky Valley","Riverside"
"1464","Dinuba","Tulare"
"1465","Berenda","Madera"
"1466","Modesto","Stanislaus"
"1467","East Quincy","Plumas"
"1468","La Mirada","Los Angeles"
"1469","Ione","Amador"
"1470","Rio Vista","Solano"
"1471","Alum Rock","Santa Clara"
"1472","Santa Clara","Santa Clara"
"1473","Pajaro","Monterey"
"1474","Blue Jay","San Bernardino"
"1475","Cutten","Humboldt"
"1476","Monmouth","Fresno"
"1477","Inverness","Marin"
"1478","Penngrove","Sonoma"
"1479","El Verano","Sonoma"
"1480","Dana Point","Orange"
"1481","Squaw Valley","Fresno"
"1482","Perris","Riverside"
"1483","Paicines","San Benito"
"1484","Rohnert Park","Sonoma"
"1485","Altadena","Los Angeles"
"1486","Twain Harte","Tuolumne"
"1487","Midway City","Orange"
"1488","Livingston","Merced"
"1489","Lindcove","Tulare"
"1490","Antelope","Sacramento"
"1491","Foothill Farms","Sacramento"
"1492","Glamis","Imperial"
"1493","East Pasadena","Los Angeles"
"1494","Martinez","Contra Costa"
"1495","Shaver Lake","Fresno"
"1496","Alleghany","Sierra"
"1497","Inglewood","Los Angeles"
"1498","Imperial","Imperial"
"1499","Fort Irwin","San Bernardino"
"1500","Lone Pine","Inyo"
"1501","Smith River","Del Norte"
"1502","San Ramon","Contra Costa"
"1503","Canyon Lake","Riverside"
"1504","Coalinga","Fresno"
"1505","Tipton","Tulare"
"1506","Carmet","Sonoma"
"1507","Tehachapi","Kern"
"1508","Solvang","Santa Barbara"
"1509","Cedar Ridge","Tuolumne"
"1510","Platina","Shasta"
"1511","Dos Palos","Merced"
"1512","Grimes","Colusa"
"1513","Arden Town","Sacramento"
"1514","La Puente","Los Angeles"
"1515","Romoland","Riverside"
"1516","Volta","Merced"
"1517","Weimar","Placer"
"1518","Jenner","Sonoma"
"1519","Farmersville","Tulare"
"1520","Graton","Sonoma"
"1521","Bloomington","San Bernardino"
"1522","Plumas Eureka","Plumas"
"1523","South El Monte","Los Angeles"
"1524","Milford","Lassen"
"1525","Corcoran","Kings"
"1526","Laton","Fresno"
"1527","Fruitdale","Santa Clara"
"1528","Littlerock","Los Angeles"
"1529","Coarsegold","Madera"
"1530","Verdi","Sierra"
"1531","Fiddletown","Amador"
"1532","Lincoln Village","San Joaquin"
"1533","Agoura Hills","Los Angeles"
"1534","Tomales","Marin"
"1535","Collierville","San Joaquin"
"1536","Ducor","Tulare"
"1537","Buck Meadows","Mariposa"
"1538","Volcano","Amador"
"1539","City Terrace","Los Angeles"
"1540","Soledad","Monterey"
"1541","Durham","Butte"
"1542","Betteravia","Santa Barbara"
"1543","Trinity Village","Trinity"
"1544","Lemoncove","Tulare"
"1545","Cobb","Lake"
"1546","Portola","Plumas"
"1547","Sierra City","Sierra"
"1548","Acton","Los Angeles"
"1549","Seville","Tulare"
"1550","Meridian","Sutter"
"1551","Roseland","Sonoma"
"1552","Newell","Modoc"
"1553","Calimesa","Riverside"
"1554","Clipper Mills","Butte"
"1555","Baker","San Bernardino"
"1556","Atascadero","San Luis Obispo"
"1557","Herlong","Lassen"
"1558","Chester","Plumas"
"1559","Wawona","Mariposa"
"1560","Brownsville","Yuba"
"1561","Galt","Sacramento"
"1562","Belltown","Riverside"
"1563","Joshua Tree","San Bernardino"
"1564","Arroyo Grande","San Luis Obispo"
"1565","California City","Kern"
"1566","Danville","Contra Costa"
"1567","Happy Camp","Siskiyou"
"1568","Oroville","Butte"
"1569","Huntington Beach","Orange"
"1570","Opal Cliffs","Santa Cruz"
"1571","Altaville","Calaveras"
"1572","Tobin","Plumas"
"1573","Wallace","Calaveras"
"1574","Cornell","Los Angeles"
"1575","Greenville","Plumas"
"1576","San Pablo","Contra Costa"
"1577","Seal Beach","Orange"
"1578","Tulare","Tulare"
"1579","Summerland","Santa Barbara"
"1580","Anchor Bay","Mendocino"
"1581","Auburn Lake Trails","El Dorado"
"1582","Rancho Mirage","Riverside"
"1583","McFarland","Kern"
"1584","Etna","Siskiyou"
"1585","Arbuckle","Colusa"
"1586","Las Flores","Tehama"
"1587","Lake Forest","Orange"
"1588","Rosedale","Kern"
"1589","Mira Monte","Ventura"
"1590","Highland","San Bernardino"
"1591","Pilot Hill","El Dorado"
"1592","Hayfork","Trinity"
"1593","Sonoma","Sonoma"
"1594","Trabuco Highlands","Orange"
"1595","Kingsburg","Fresno"
"1596","Rancho Rinconada","Santa Clara"
"1597","Silver City","Tulare"
"1598","Los Molinos","Tehama"
"1599","Tehama","Tehama"
"1600","Otay","San Diego"
"1601","Avenal","Kings"
"1602","Kaweah","Tulare"
"1603","Fellows","Kern"
"1604","East Foothills","Santa Clara"
"1605","Morro Bay","San Luis Obispo"
"1606","Darwin","Inyo"
"1607","Stallion Springs","Kern"
"1608","New Cuyama","Santa Barbara"
"1609","Likely","Modoc"
"1610","Sespe","Ventura"
"1611","Boron","Kern"
"1612","Hayward","Alameda"
"1613","French Camp","San Joaquin"
"1614","Ferndale","Humboldt"
"1615","Rowland Heights","Los Angeles"
"1616","Yuba City","Sutter"
"1617","Lynwood Hills","San Diego"
"1618","West Bishop","Inyo"
"1619","Guinda","Yolo"
"1620","Novato","Marin"
"1621","Sierraville","Sierra"
"1622","Olancha","Inyo"
"1623","La Mesa","San Diego"
"1624","Montebello","Los Angeles"
"1625","Canyondam","Plumas"
