date,close
1-Jan-12,4
2-Jan-12,6
3-Jan-12,6
4-Jan-12,6
5-Jan-12,6
6-Jan-12,6
7-Jan-12,6
8-Jan-12,6
9-Jan-12,6
10-Jan-12,6
11-Jan-12,6
12-Jan-12,6
13-Jan-12,6
14-Jan-12,6
15-Jan-12,6
16-Jan-12,6
17-Jan-12,6
18-Jan-12,6
19-Jan-12,6
20-Jan-12,6
21-Jan-12,6
22-Jan-12,6
23-Jan-12,6
24-Jan-12,6
25-Jan-12,6
26-Jan-12,6
27-Jan-12,6
28-Jan-12,6
29-Jan-12,6
30-Jan-12,6
31-Jan-12,6
1-Feb-12,6
2-Feb-12,6
3-Feb-12,6
4-Feb-12,6
5-Feb-12,6
6-Feb-12,6
7-Feb-12,6
8-Feb-12,6
9-Feb-12,6
10-Feb-12,6
11-Feb-12,6
12-Feb-12,6
13-Feb-12,6
14-Feb-12,6
15-Feb-12,6
16-Feb-12,6
17-Feb-12,6
18-Feb-12,6
19-Feb-12,6
20-Feb-12,6
21-Feb-12,6
22-Feb-12,6
23-Feb-12,6
24-Feb-12,6
25-Feb-12,6
26-Feb-12,6
27-Feb-12,6
28-Feb-12,6
29-Feb-12,6
1-Mar-12,6
2-Mar-12,6
3-Mar-12,6
4-Mar-12,6
5-Mar-12,6
6-Mar-12,6
7-Mar-12,6
8-Mar-12,6
9-Mar-12,6
10-Mar-12,6
11-Mar-12,6
12-Mar-12,6
13-Mar-12,6
14-Mar-12,6
15-Mar-12,6
16-Mar-12,6
17-Mar-12,6
18-Mar-12,6
19-Mar-12,6
20-Mar-12,6
21-Mar-12,6
22-Mar-12,6
23-Mar-12,6
24-Mar-12,6
25-Mar-12,6
26-Mar-12,6
27-Mar-12,6
28-Mar-12,6
29-Mar-12,6
30-Mar-12,6
31-Mar-12,6
1-Apr-12,6
2-Apr-12,6
3-Apr-12,6
4-Apr-12,6
5-Apr-12,6
6-Apr-12,6
7-Apr-12,6
8-Apr-12,6
9-Apr-12,6
10-Apr-12,6
11-Apr-12,6
12-Apr-12,6
13-Apr-12,6
14-Apr-12,6
15-Apr-12,6
16-Apr-12,6
17-Apr-12,6
18-Apr-12,6
19-Apr-12,6
20-Apr-12,6
21-Apr-12,6
22-Apr-12,6
23-Apr-12,6
24-Apr-12,6
25-Apr-12,6
26-Apr-12,6
27-Apr-12,6
28-Apr-12,6
29-Apr-12,6
30-Apr-12,6
1-May-12,6
2-May-12,6
3-May-12,6
4-May-12,6
5-May-12,6
6-May-12,6
7-May-12,6
8-May-12,6
9-May-12,6
10-May-12,6
11-May-12,6
12-May-12,6
13-May-12,6
14-May-12,6
15-May-12,6
16-May-12,6
17-May-12,6
18-May-12,6
19-May-12,6
20-May-12,6
21-May-12,6
22-May-12,6
23-May-12,6
24-May-12,6
25-May-12,6
26-May-12,6
27-May-12,6
28-May-12,6
29-May-12,6
30-May-12,6
31-May-12,6
1-Jun-12,6
2-Jun-12,6
3-Jun-12,6
4-Jun-12,6
5-Jun-12,6
6-Jun-12,6
7-Jun-12,6
8-Jun-12,6
9-Jun-12,6
10-Jun-12,6
11-Jun-12,6
12-Jun-12,6
13-Jun-12,6
14-Jun-12,6
15-Jun-12,6
16-Jun-12,6
17-Jun-12,6
18-Jun-12,6
19-Jun-12,6
20-Jun-12,6
21-Jun-12,6
22-Jun-12,6
23-Jun-12,6
24-Jun-12,6
25-Jun-12,6
26-Jun-12,6
27-Jun-12,6
28-Jun-12,6
29-Jun-12,6
30-Jun-12,6
1-Jul-12,8
2-Jul-12,8
3-Jul-12,8
4-Jul-12,8
5-Jul-12,8
6-Jul-12,8
7-Jul-12,8
8-Jul-12,8
9-Jul-12,8
10-Jul-12,8
11-Jul-12,8
12-Jul-12,8
13-Jul-12,8
14-Jul-12,8
15-Jul-12,8
16-Jul-12,8
17-Jul-12,8
18-Jul-12,8
19-Jul-12,8
20-Jul-12,8
21-Jul-12,8
22-Jul-12,8
23-Jul-12,8
24-Jul-12,8
25-Jul-12,8
26-Jul-12,8
27-Jul-12,8
28-Jul-12,8
29-Jul-12,8
30-Jul-12,8
31-Jul-12,8
1-Aug-12,8
2-Aug-12,8
3-Aug-12,8
4-Aug-12,8
5-Aug-12,8
6-Aug-12,8
7-Aug-12,8
8-Aug-12,8
9-Aug-12,8
10-Aug-12,8
11-Aug-12,8
12-Aug-12,8
13-Aug-12,8
14-Aug-12,8
15-Aug-12,8
16-Aug-12,8
17-Aug-12,8
18-Aug-12,8
19-Aug-12,8
20-Aug-12,8
21-Aug-12,8
22-Aug-12,8
23-Aug-12,8
24-Aug-12,8
25-Aug-12,8
26-Aug-12,8
27-Aug-12,8
28-Aug-12,8
29-Aug-12,8
30-Aug-12,8
31-Aug-12,8
1-Sep-12,8
2-Sep-12,8
3-Sep-12,8
4-Sep-12,8
5-Sep-12,8
6-Sep-12,8
7-Sep-12,8
8-Sep-12,8
9-Sep-12,8
10-Sep-12,8
11-Sep-12,8
12-Sep-12,8
13-Sep-12,8
14-Sep-12,8
15-Sep-12,8
16-Sep-12,8
17-Sep-12,8
18-Sep-12,8
19-Sep-12,8
20-Sep-12,8
21-Sep-12,8
22-Sep-12,8
23-Sep-12,8
24-Sep-12,8
25-Sep-12,8
26-Sep-12,8
27-Sep-12,8
28-Sep-12,8
29-Sep-12,8
30-Sep-12,8
1-Oct-12,6
2-Oct-12,6
3-Oct-12,6
4-Oct-12,6
5-Oct-12,6
6-Oct-12,6
7-Oct-12,6
8-Oct-12,6
9-Oct-12,6
10-Oct-12,6
11-Oct-12,6
12-Oct-12,6
13-Oct-12,6
14-Oct-12,6
15-Oct-12,6
16-Oct-12,6
17-Oct-12,6
18-Oct-12,6
19-Oct-12,6
20-Oct-12,6
21-Oct-12,6
22-Oct-12,6
23-Oct-12,6
24-Oct-12,6
25-Oct-12,6
26-Oct-12,6
27-Oct-12,6
28-Oct-12,6
29-Oct-12,6
30-Oct-12,6
31-Oct-12,6
1-Nov-12,6
2-Nov-12,6
3-Nov-12,6
4-Nov-12,6
5-Nov-12,6
6-Nov-12,6
7-Nov-12,6
8-Nov-12,6
9-Nov-12,6
10-Nov-12,6
11-Nov-12,6
12-Nov-12,6
13-Nov-12,6
14-Nov-12,6
15-Nov-12,6
16-Nov-12,6
17-Nov-12,6
18-Nov-12,6
19-Nov-12,6
20-Nov-12,6
21-Nov-12,6
22-Nov-12,6
23-Nov-12,6
24-Nov-12,6
25-Nov-12,6
26-Nov-12,6
27-Nov-12,6
28-Nov-12,6
29-Nov-12,6
30-Nov-12,6
1-Dec-12,6
2-Dec-12,6
3-Dec-12,6
4-Dec-12,6
5-Dec-12,6
6-Dec-12,6
7-Dec-12,6
8-Dec-12,6
9-Dec-12,6
10-Dec-12,6
11-Dec-12,6
12-Dec-12,6
13-Dec-12,6
14-Dec-12,6
15-Dec-12,6
16-Dec-12,6
17-Dec-12,6
18-Dec-12,6
19-Dec-12,6
20-Dec-12,6
21-Dec-12,6
22-Dec-12,6
23-Dec-12,6
24-Dec-12,6
25-Dec-12,6
26-Dec-12,6
27-Dec-12,6
28-Dec-12,6
29-Dec-12,6
30-Dec-12,6
31-Dec-12,6
1-Jan-13,11
2-Jan-13,11
3-Jan-13,11
4-Jan-13,11
5-Jan-13,11
6-Jan-13,11
7-Jan-13,11
8-Jan-13,11
9-Jan-13,11
10-Jan-13,11
11-Jan-13,11
12-Jan-13,11
13-Jan-13,11
14-Jan-13,11
15-Jan-13,11
16-Jan-13,11
17-Jan-13,11
18-Jan-13,11
19-Jan-13,11
20-Jan-13,11
21-Jan-13,11
22-Jan-13,11
23-Jan-13,11
24-Jan-13,11
25-Jan-13,11
26-Jan-13,11
27-Jan-13,11
28-Jan-13,11
29-Jan-13,11
30-Jan-13,11
31-Jan-13,11
1-Feb-13,11
2-Feb-13,11
3-Feb-13,11
4-Feb-13,11
5-Feb-13,11
6-Feb-13,11
7-Feb-13,11
8-Feb-13,11
9-Feb-13,11
10-Feb-13,11
11-Feb-13,11
12-Feb-13,11
13-Feb-13,11
14-Feb-13,11
15-Feb-13,11
16-Feb-13,11
17-Feb-13,11
18-Feb-13,11
19-Feb-13,11
20-Feb-13,11
21-Feb-13,11
22-Feb-13,11
23-Feb-13,11
24-Feb-13,11
25-Feb-13,11
26-Feb-13,11
27-Feb-13,11
28-Feb-13,11
1-Mar-13,11
2-Mar-13,11
3-Mar-13,11
4-Mar-13,11
5-Mar-13,11
6-Mar-13,11
7-Mar-13,11
8-Mar-13,11
9-Mar-13,11
10-Mar-13,11
11-Mar-13,11
12-Mar-13,11
13-Mar-13,11
14-Mar-13,11
15-Mar-13,11
16-Mar-13,11
17-Mar-13,11
18-Mar-13,11
19-Mar-13,11
20-Mar-13,11
21-Mar-13,11
22-Mar-13,11
23-Mar-13,11
24-Mar-13,11
25-Mar-13,11
26-Mar-13,11
27-Mar-13,11
28-Mar-13,11
29-Mar-13,11
30-Mar-13,11
31-Mar-13,11
1-Apr-13,13
2-Apr-13,13
3-Apr-13,13
4-Apr-13,13
5-Apr-13,13
6-Apr-13,13
7-Apr-13,13
8-Apr-13,13
9-Apr-13,13
10-Apr-13,13
11-Apr-13,13
12-Apr-13,13
13-Apr-13,13
14-Apr-13,13
15-Apr-13,13
16-Apr-13,13
17-Apr-13,13
18-Apr-13,13
19-Apr-13,13
20-Apr-13,13
21-Apr-13,13
22-Apr-13,13
23-Apr-13,13
24-Apr-13,13
25-Apr-13,13
26-Apr-13,13
27-Apr-13,13
28-Apr-13,13
29-Apr-13,13
30-Apr-13,13
1-May-13,13
2-May-13,13
3-May-13,13
4-May-13,13
5-May-13,13
6-May-13,13
7-May-13,13
8-May-13,13
9-May-13,13
10-May-13,13
11-May-13,13
12-May-13,13
13-May-13,13
14-May-13,13
15-May-13,13
16-May-13,13
17-May-13,13
18-May-13,13
19-May-13,13
20-May-13,13
21-May-13,13
22-May-13,13
23-May-13,13
24-May-13,13
25-May-13,13
26-May-13,13
27-May-13,13
28-May-13,13
29-May-13,13
30-May-13,13
31-May-13,13
1-Jun-13,13
2-Jun-13,13
3-Jun-13,13
4-Jun-13,13
5-Jun-13,13
6-Jun-13,13
7-Jun-13,13
8-Jun-13,13
9-Jun-13,13
10-Jun-13,13
11-Jun-13,13
12-Jun-13,13
13-Jun-13,13
14-Jun-13,13
15-Jun-13,13
16-Jun-13,13
17-Jun-13,13
18-Jun-13,13
19-Jun-13,13
20-Jun-13,13
21-Jun-13,13
22-Jun-13,13
23-Jun-13,13
24-Jun-13,13
25-Jun-13,13
26-Jun-13,13
27-Jun-13,13
28-Jun-13,13
29-Jun-13,13
30-Jun-13,13
1-Jul-13,11
2-Jul-13,11
3-Jul-13,11
4-Jul-13,11
5-Jul-13,11
6-Jul-13,11
7-Jul-13,11
8-Jul-13,11
9-Jul-13,11
10-Jul-13,11
11-Jul-13,11
12-Jul-13,11
13-Jul-13,11
14-Jul-13,11
15-Jul-13,11
16-Jul-13,11
17-Jul-13,11
18-Jul-13,11
19-Jul-13,11
20-Jul-13,11
21-Jul-13,11
22-Jul-13,11
23-Jul-13,11
24-Jul-13,11
25-Jul-13,11
26-Jul-13,11
27-Jul-13,11
28-Jul-13,11
29-Jul-13,11
30-Jul-13,11
31-Jul-13,11
1-Aug-13,11
2-Aug-13,11
3-Aug-13,11
4-Aug-13,11
5-Aug-13,11
6-Aug-13,11
7-Aug-13,11
8-Aug-13,11
9-Aug-13,11
10-Aug-13,11
11-Aug-13,11
12-Aug-13,11
13-Aug-13,11
14-Aug-13,11
15-Aug-13,11
16-Aug-13,11
17-Aug-13,11
18-Aug-13,11
19-Aug-13,11
20-Aug-13,11
21-Aug-13,11
22-Aug-13,11
23-Aug-13,11
24-Aug-13,11
25-Aug-13,11
26-Aug-13,11
27-Aug-13,11
28-Aug-13,11
29-Aug-13,11
30-Aug-13,11
31-Aug-13,11
1-Sep-13,11
2-Sep-13,11
3-Sep-13,11
4-Sep-13,11
5-Sep-13,11
6-Sep-13,11
7-Sep-13,11
8-Sep-13,11
9-Sep-13,11
10-Sep-13,11
11-Sep-13,11
12-Sep-13,11
13-Sep-13,11
14-Sep-13,11
15-Sep-13,11
16-Sep-13,11
17-Sep-13,11
18-Sep-13,11
19-Sep-13,11
20-Sep-13,11
21-Sep-13,11
22-Sep-13,11
23-Sep-13,11
24-Sep-13,11
25-Sep-13,11
26-Sep-13,11
27-Sep-13,11
28-Sep-13,11
29-Sep-13,11
30-Sep-13,11
1-Oct-13,11
2-Oct-13,11
3-Oct-13,11
4-Oct-13,11
5-Oct-13,11
6-Oct-13,11
7-Oct-13,11
8-Oct-13,11
9-Oct-13,11
10-Oct-13,11
11-Oct-13,11
12-Oct-13,11
13-Oct-13,11
14-Oct-13,11
15-Oct-13,11
16-Oct-13,11
17-Oct-13,11
18-Oct-13,11
19-Oct-13,11
20-Oct-13,11
21-Oct-13,11
22-Oct-13,11
23-Oct-13,11
24-Oct-13,11
25-Oct-13,11
26-Oct-13,11
27-Oct-13,11
28-Oct-13,11
29-Oct-13,11
30-Oct-13,11
31-Oct-13,11
1-Nov-13,11
2-Nov-13,11
3-Nov-13,11
4-Nov-13,11
5-Nov-13,11
6-Nov-13,11
7-Nov-13,11
8-Nov-13,11
9-Nov-13,11
10-Nov-13,11
11-Nov-13,11
12-Nov-13,11
13-Nov-13,11
14-Nov-13,11
15-Nov-13,11
16-Nov-13,11
17-Nov-13,11
18-Nov-13,11
19-Nov-13,11
20-Nov-13,11
21-Nov-13,11
22-Nov-13,11
23-Nov-13,11
24-Nov-13,11
25-Nov-13,11
26-Nov-13,11
27-Nov-13,11
28-Nov-13,11
29-Nov-13,11
30-Nov-13,11
1-Dec-13,11
2-Dec-13,11
3-Dec-13,11
4-Dec-13,11
5-Dec-13,11
6-Dec-13,11
7-Dec-13,11
8-Dec-13,11
9-Dec-13,11
10-Dec-13,11
11-Dec-13,11
12-Dec-13,11
13-Dec-13,11
14-Dec-13,11
15-Dec-13,11
16-Dec-13,11
17-Dec-13,11
18-Dec-13,11
19-Dec-13,11
20-Dec-13,11
21-Dec-13,11
22-Dec-13,11
23-Dec-13,11
24-Dec-13,11
25-Dec-13,11
26-Dec-13,11
27-Dec-13,11
28-Dec-13,11
29-Dec-13,11
30-Dec-13,11
31-Dec-13,11
1-Jan-14,11
2-Jan-14,11
3-Jan-14,11
4-Jan-14,11
5-Jan-14,11
6-Jan-14,11
7-Jan-14,11
8-Jan-14,11
9-Jan-14,11
10-Jan-14,11
11-Jan-14,11
12-Jan-14,11
13-Jan-14,11
14-Jan-14,11
15-Jan-14,11
16-Jan-14,11
17-Jan-14,11
18-Jan-14,11
19-Jan-14,11
20-Jan-14,11
21-Jan-14,11
22-Jan-14,11
23-Jan-14,11
24-Jan-14,11
25-Jan-14,11
26-Jan-14,11
27-Jan-14,11
28-Jan-14,11
29-Jan-14,11
30-Jan-14,11
31-Jan-14,11
1-Feb-14,11
2-Feb-14,11
3-Feb-14,11
4-Feb-14,11
5-Feb-14,11
6-Feb-14,11
7-Feb-14,11
8-Feb-14,11
9-Feb-14,11
10-Feb-14,11
11-Feb-14,11
12-Feb-14,11
13-Feb-14,11
14-Feb-14,11
15-Feb-14,11
16-Feb-14,11
17-Feb-14,11
18-Feb-14,11
19-Feb-14,11
20-Feb-14,11
21-Feb-14,11
22-Feb-14,11
23-Feb-14,11
24-Feb-14,11
25-Feb-14,11
26-Feb-14,11
27-Feb-14,11
28-Feb-14,11
1-Mar-14,11
2-Mar-14,11
3-Mar-14,11
4-Mar-14,11
5-Mar-14,11
6-Mar-14,11
7-Mar-14,11
8-Mar-14,11
9-Mar-14,11
10-Mar-14,11
11-Mar-14,11
12-Mar-14,11
13-Mar-14,11
14-Mar-14,11
15-Mar-14,11
16-Mar-14,11
17-Mar-14,11
18-Mar-14,11
19-Mar-14,11
20-Mar-14,11
21-Mar-14,11
22-Mar-14,11
23-Mar-14,11
24-Mar-14,11
25-Mar-14,11
26-Mar-14,11
27-Mar-14,11
28-Mar-14,11
29-Mar-14,11
30-Mar-14,11
31-Mar-14,11
1-Apr-14,4
2-Apr-14,4
3-Apr-14,4
4-Apr-14,4
5-Apr-14,4
6-Apr-14,4
7-Apr-14,4
8-Apr-14,4
9-Apr-14,4
10-Apr-14,4
11-Apr-14,4
12-Apr-14,4
13-Apr-14,4
14-Apr-14,4
15-Apr-14,4
16-Apr-14,4
17-Apr-14,4
18-Apr-14,4
19-Apr-14,4
20-Apr-14,4
21-Apr-14,4
22-Apr-14,4
23-Apr-14,4
24-Apr-14,4
25-Apr-14,4
26-Apr-14,4
27-Apr-14,4
28-Apr-14,4
29-Apr-14,4
30-Apr-14,4
1-May-14,5
2-May-14,5
3-May-14,5
4-May-14,5
5-May-14,5
6-May-14,5
7-May-14,5
8-May-14,5
9-May-14,5
10-May-14,5
11-May-14,5
12-May-14,5
13-May-14,5
14-May-14,5
15-May-14,5
16-May-14,5
17-May-14,5
18-May-14,5
19-May-14,5
20-May-14,5
21-May-14,5
22-May-14,5
23-May-14,5
24-May-14,5
25-May-14,5
26-May-14,5
27-May-14,5
28-May-14,5
29-May-14,5
30-May-14,5
31-May-14,5
1-Jun-14,4
2-Jun-14,4
3-Jun-14,4
4-Jun-14,4
5-Jun-14,4
6-Jun-14,4
7-Jun-14,4
8-Jun-14,4
9-Jun-14,4
10-Jun-14,4
11-Jun-14,4
12-Jun-14,4
13-Jun-14,4
14-Jun-14,4
15-Jun-14,4
16-Jun-14,4
17-Jun-14,4
18-Jun-14,4
19-Jun-14,4
20-Jun-14,4
21-Jun-14,4
22-Jun-14,4
23-Jun-14,4
24-Jun-14,4
25-Jun-14,4
26-Jun-14,4
27-Jun-14,4
28-Jun-14,4
29-Jun-14,4
30-Jun-14,4
1-Jul-14,2
2-Jul-14,2
3-Jul-14,2
4-Jul-14,2
5-Jul-14,2
6-Jul-14,2
7-Jul-14,2
8-Jul-14,2
9-Jul-14,2
10-Jul-14,2
11-Jul-14,2
12-Jul-14,2
13-Jul-14,2
14-Jul-14,2
15-Jul-14,2
16-Jul-14,2
17-Jul-14,2
18-Jul-14,2
19-Jul-14,2
20-Jul-14,2
21-Jul-14,2
22-Jul-14,2
23-Jul-14,2
24-Jul-14,2
25-Jul-14,2
26-Jul-14,2
27-Jul-14,2
28-Jul-14,2
29-Jul-14,2
30-Jul-14,2
31-Jul-14,2
1-Aug-14,2
2-Aug-14,2
3-Aug-14,2
4-Aug-14,2
5-Aug-14,2
6-Aug-14,2
7-Aug-14,2
8-Aug-14,2
9-Aug-14,2
10-Aug-14,2
11-Aug-14,2
12-Aug-14,2
13-Aug-14,2
14-Aug-14,2
15-Aug-14,2
16-Aug-14,2
17-Aug-14,2
18-Aug-14,2
19-Aug-14,2
20-Aug-14,2
21-Aug-14,2
22-Aug-14,2
23-Aug-14,2
24-Aug-14,2
25-Aug-14,2
26-Aug-14,2
27-Aug-14,2
28-Aug-14,2
29-Aug-14,2
30-Aug-14,2
31-Aug-14,2
1-Sep-14,2
2-Sep-14,2
3-Sep-14,2
4-Sep-14,2
5-Sep-14,2
6-Sep-14,2
7-Sep-14,2
8-Sep-14,2
9-Sep-14,2
10-Sep-14,2
11-Sep-14,2
12-Sep-14,2
13-Sep-14,2
14-Sep-14,2
15-Sep-14,2
16-Sep-14,2
17-Sep-14,2
18-Sep-14,2
19-Sep-14,2
20-Sep-14,2
21-Sep-14,2
22-Sep-14,2
23-Sep-14,2
24-Sep-14,2
25-Sep-14,2
26-Sep-14,2
27-Sep-14,2
28-Sep-14,2
29-Sep-14,2
30-Sep-14,2
1-Oct-14,2
2-Oct-14,2
3-Oct-14,2
4-Oct-14,2
5-Oct-14,2
6-Oct-14,2
7-Oct-14,2
8-Oct-14,2
9-Oct-14,2
10-Oct-14,2
11-Oct-14,2
12-Oct-14,2
13-Oct-14,2
14-Oct-14,2
15-Oct-14,2
16-Oct-14,2
17-Oct-14,2
18-Oct-14,2
19-Oct-14,2
20-Oct-14,2
21-Oct-14,2
22-Oct-14,2
23-Oct-14,2
24-Oct-14,2
25-Oct-14,2
26-Oct-14,2
27-Oct-14,2
28-Oct-14,2
29-Oct-14,2
30-Oct-14,2
31-Oct-14,2
1-Nov-14,2
2-Nov-14,2
3-Nov-14,2
4-Nov-14,2
5-Nov-14,2
6-Nov-14,2
7-Nov-14,2
8-Nov-14,2
9-Nov-14,2
10-Nov-14,2
11-Nov-14,2
12-Nov-14,2
13-Nov-14,2
14-Nov-14,2
15-Nov-14,2
16-Nov-14,2
17-Nov-14,2
18-Nov-14,2
19-Nov-14,2
20-Nov-14,2
21-Nov-14,2
22-Nov-14,2
23-Nov-14,2
24-Nov-14,2
25-Nov-14,2
26-Nov-14,2
27-Nov-14,2
28-Nov-14,2
29-Nov-14,2
30-Nov-14,2
1-Dec-14,2
2-Dec-14,2
3-Dec-14,2
4-Dec-14,2
5-Dec-14,2
6-Dec-14,2
7-Dec-14,2
8-Dec-14,2
9-Dec-14,2
10-Dec-14,2
11-Dec-14,2
12-Dec-14,2
13-Dec-14,2
14-Dec-14,2
15-Dec-14,2
16-Dec-14,2
17-Dec-14,2
18-Dec-14,2
19-Dec-14,2
20-Dec-14,2
21-Dec-14,2
22-Dec-14,2
23-Dec-14,2
24-Dec-14,2
25-Dec-14,2
26-Dec-14,2
27-Dec-14,2
28-Dec-14,2
29-Dec-14,2
30-Dec-14,2
31-Dec-14,2
1-Jan-15,3
2-Jan-15,3
3-Jan-15,3
4-Jan-15,3
5-Jan-15,3
6-Jan-15,3
7-Jan-15,3
8-Jan-15,3
9-Jan-15,3
10-Jan-15,3
11-Jan-15,3
12-Jan-15,3
13-Jan-15,3
14-Jan-15,3
15-Jan-15,3
16-Jan-15,3
17-Jan-15,3
18-Jan-15,3
19-Jan-15,3
20-Jan-15,3
21-Jan-15,3
22-Jan-15,3
23-Jan-15,3
24-Jan-15,3
25-Jan-15,3
26-Jan-15,3
27-Jan-15,3
28-Jan-15,3
29-Jan-15,3
30-Jan-15,3
31-Jan-15,3
1-Feb-15,3
2-Feb-15,3
3-Feb-15,3
4-Feb-15,3
5-Feb-15,3
6-Feb-15,3
7-Feb-15,3
8-Feb-15,3
9-Feb-15,3
10-Feb-15,3
11-Feb-15,3
12-Feb-15,3
13-Feb-15,3
14-Feb-15,3
15-Feb-15,3
16-Feb-15,3
17-Feb-15,3
18-Feb-15,3
19-Feb-15,3
20-Feb-15,3
21-Feb-15,3
22-Feb-15,3
23-Feb-15,3
24-Feb-15,3
25-Feb-15,3
26-Feb-15,3
27-Feb-15,3
28-Feb-15,3
1-Mar-15,3
2-Mar-15,3
3-Mar-15,3
4-Mar-15,3
5-Mar-15,3
6-Mar-15,3
7-Mar-15,3
8-Mar-15,3
9-Mar-15,3
10-Mar-15,3
11-Mar-15,3
12-Mar-15,3
13-Mar-15,3
14-Mar-15,3
15-Mar-15,3
16-Mar-15,3
17-Mar-15,3
18-Mar-15,3
19-Mar-15,3
20-Mar-15,3
21-Mar-15,3
22-Mar-15,3
23-Mar-15,3
24-Mar-15,3
25-Mar-15,3
26-Mar-15,3
27-Mar-15,3
28-Mar-15,3
29-Mar-15,3
30-Mar-15,3
31-Mar-15,3
1-Apr-15,3
2-Apr-15,3
3-Apr-15,3
4-Apr-15,3
5-Apr-15,3
6-Apr-15,3
7-Apr-15,3
8-Apr-15,3
9-Apr-15,3
10-Apr-15,3
11-Apr-15,3
12-Apr-15,3
13-Apr-15,3
14-Apr-15,3
15-Apr-15,3
16-Apr-15,3
17-Apr-15,3
18-Apr-15,3
19-Apr-15,3
20-Apr-15,3
21-Apr-15,3
22-Apr-15,3
23-Apr-15,3
24-Apr-15,3
25-Apr-15,3
26-Apr-15,3
27-Apr-15,3
28-Apr-15,3
29-Apr-15,3
30-Apr-15,3
1-May-15,3
2-May-15,3
3-May-15,3
4-May-15,3
5-May-15,3
6-May-15,3
7-May-15,3
8-May-15,3
9-May-15,3
10-May-15,3
11-May-15,3
12-May-15,3
13-May-15,3
14-May-15,3
15-May-15,3
16-May-15,3
17-May-15,3
18-May-15,3
19-May-15,3
20-May-15,3
21-May-15,3
22-May-15,3
23-May-15,3
24-May-15,3
25-May-15,3
26-May-15,3
27-May-15,3
28-May-15,3
29-May-15,3
30-May-15,3
31-May-15,3
1-Jun-15,3
2-Jun-15,3
3-Jun-15,3
4-Jun-15,3
5-Jun-15,3
6-Jun-15,3
7-Jun-15,3
8-Jun-15,3
9-Jun-15,3
10-Jun-15,3
11-Jun-15,3
12-Jun-15,3
13-Jun-15,3
14-Jun-15,3
15-Jun-15,3
16-Jun-15,3
17-Jun-15,3
18-Jun-15,3
19-Jun-15,3
20-Jun-15,3
21-Jun-15,3
22-Jun-15,3
23-Jun-15,3
24-Jun-15,3
25-Jun-15,3
26-Jun-15,3
27-Jun-15,3
28-Jun-15,3
29-Jun-15,3
30-Jun-15,3
1-Jul-15,5
2-Jul-15,5
3-Jul-15,5
4-Jul-15,5
5-Jul-15,5
6-Jul-15,5
7-Jul-15,5
8-Jul-15,5
9-Jul-15,5
10-Jul-15,5
11-Jul-15,5
12-Jul-15,5
13-Jul-15,5
14-Jul-15,5
15-Jul-15,5
16-Jul-15,5
17-Jul-15,5
18-Jul-15,5
19-Jul-15,5
20-Jul-15,5
21-Jul-15,5
22-Jul-15,5
23-Jul-15,5
24-Jul-15,5
25-Jul-15,5
26-Jul-15,5
27-Jul-15,5
28-Jul-15,5
29-Jul-15,5
30-Jul-15,5
31-Jul-15,5
1-Aug-15,5
2-Aug-15,5
3-Aug-15,5
4-Aug-15,5
5-Aug-15,5
6-Aug-15,5
7-Aug-15,5
8-Aug-15,5
9-Aug-15,5
10-Aug-15,5
11-Aug-15,5
12-Aug-15,5
13-Aug-15,5
14-Aug-15,5
15-Aug-15,5
16-Aug-15,5
17-Aug-15,5
18-Aug-15,5
19-Aug-15,5
20-Aug-15,5
21-Aug-15,5
22-Aug-15,5
23-Aug-15,5
24-Aug-15,5
25-Aug-15,5
26-Aug-15,5
27-Aug-15,5
28-Aug-15,5
29-Aug-15,5
30-Aug-15,5
31-Aug-15,5
1-Sep-15,5
2-Sep-15,5
3-Sep-15,5
4-Sep-15,5
5-Sep-15,5
6-Sep-15,5
7-Sep-15,5
8-Sep-15,5
9-Sep-15,5
10-Sep-15,5
11-Sep-15,5
12-Sep-15,5
13-Sep-15,5
14-Sep-15,5
15-Sep-15,5
16-Sep-15,5
17-Sep-15,5
18-Sep-15,5
19-Sep-15,5
20-Sep-15,5
21-Sep-15,5
22-Sep-15,5
23-Sep-15,5
24-Sep-15,5
25-Sep-15,5
26-Sep-15,5
27-Sep-15,5
28-Sep-15,5
29-Sep-15,5
30-Sep-15,5
1-Oct-15,5
2-Oct-15,5
3-Oct-15,5
4-Oct-15,5
5-Oct-15,5
6-Oct-15,5
7-Oct-15,5
8-Oct-15,5
9-Oct-15,5
10-Oct-15,5
11-Oct-15,5
12-Oct-15,5
13-Oct-15,5
14-Oct-15,5
15-Oct-15,5
16-Oct-15,5
17-Oct-15,5
18-Oct-15,5
19-Oct-15,5
20-Oct-15,5
21-Oct-15,5
22-Oct-15,5
23-Oct-15,5
24-Oct-15,5
25-Oct-15,5
26-Oct-15,5
27-Oct-15,5
28-Oct-15,5
29-Oct-15,5
30-Oct-15,5
31-Oct-15,5
1-Nov-15,5
2-Nov-15,5
3-Nov-15,5
4-Nov-15,5
5-Nov-15,5
6-Nov-15,5
7-Nov-15,5
8-Nov-15,5
9-Nov-15,5
10-Nov-15,5
11-Nov-15,5
12-Nov-15,5
13-Nov-15,5
14-Nov-15,5
15-Nov-15,5
16-Nov-15,5
17-Nov-15,5
18-Nov-15,5
19-Nov-15,5
20-Nov-15,5
21-Nov-15,5
22-Nov-15,5
23-Nov-15,5
24-Nov-15,5
25-Nov-15,5
26-Nov-15,5
27-Nov-15,5
28-Nov-15,5
29-Nov-15,5
30-Nov-15,5
1-Dec-15,5
2-Dec-15,5
3-Dec-15,5
4-Dec-15,5
5-Dec-15,5
6-Dec-15,5
7-Dec-15,5
8-Dec-15,5
9-Dec-15,5
10-Dec-15,5
11-Dec-15,5
12-Dec-15,5
13-Dec-15,5
14-Dec-15,5
15-Dec-15,5
16-Dec-15,5
17-Dec-15,5
18-Dec-15,5
19-Dec-15,5
20-Dec-15,5
21-Dec-15,5
22-Dec-15,5
23-Dec-15,5
24-Dec-15,5
25-Dec-15,5
26-Dec-15,5
27-Dec-15,5
28-Dec-15,5
29-Dec-15,5
30-Dec-15,5
31-Dec-15,5
1-Jan-16,8
2-Jan-16,8
3-Jan-16,8
4-Jan-16,8
5-Jan-16,8
6-Jan-16,8
7-Jan-16,8
8-Jan-16,8
9-Jan-16,8
10-Jan-16,8
11-Jan-16,8
12-Jan-16,8
13-Jan-16,8
14-Jan-16,8
15-Jan-16,8
16-Jan-16,8
17-Jan-16,8
18-Jan-16,8
19-Jan-16,8
20-Jan-16,8
21-Jan-16,8
22-Jan-16,8
23-Jan-16,8
24-Jan-16,8
25-Jan-16,8
26-Jan-16,8
27-Jan-16,8
28-Jan-16,8
29-Jan-16,8
30-Jan-16,8
31-Jan-16,8
1-Feb-16,8
2-Feb-16,8
3-Feb-16,8
4-Feb-16,8
5-Feb-16,8
6-Feb-16,8
7-Feb-16,8
8-Feb-16,8
9-Feb-16,8
10-Feb-16,8
11-Feb-16,8
12-Feb-16,8
13-Feb-16,8
14-Feb-16,8
15-Feb-16,8
16-Feb-16,8
17-Feb-16,8
18-Feb-16,8
19-Feb-16,8
20-Feb-16,8
21-Feb-16,8
22-Feb-16,8
23-Feb-16,8
24-Feb-16,8
25-Feb-16,8
26-Feb-16,8
27-Feb-16,8
28-Feb-16,8
29-Feb-16,8
1-Mar-16,8
2-Mar-16,8
3-Mar-16,8
4-Mar-16,8
5-Mar-16,8
6-Mar-16,8
7-Mar-16,8
8-Mar-16,8
9-Mar-16,8
10-Mar-16,8
11-Mar-16,8
12-Mar-16,8
13-Mar-16,8
14-Mar-16,8
15-Mar-16,8
16-Mar-16,8
17-Mar-16,8
18-Mar-16,8
19-Mar-16,8
20-Mar-16,8
21-Mar-16,8
22-Mar-16,8
23-Mar-16,8
24-Mar-16,8
25-Mar-16,8
26-Mar-16,8
27-Mar-16,8
28-Mar-16,8
29-Mar-16,8
30-Mar-16,8
31-Mar-16,8
1-Apr-16,7
2-Apr-16,7
3-Apr-16,7
4-Apr-16,7
5-Apr-16,7
6-Apr-16,7
7-Apr-16,7
8-Apr-16,7
9-Apr-16,7
10-Apr-16,7
11-Apr-16,7
12-Apr-16,7
13-Apr-16,7
14-Apr-16,7
15-Apr-16,7
16-Apr-16,7
17-Apr-16,7
18-Apr-16,7
19-Apr-16,7
20-Apr-16,7
21-Apr-16,7
22-Apr-16,7
23-Apr-16,7
24-Apr-16,7
25-Apr-16,7
26-Apr-16,7
27-Apr-16,7
28-Apr-16,7
29-Apr-16,7
30-Apr-16,7
1-May-16,7
2-May-16,7
3-May-16,7
4-May-16,7
5-May-16,7
6-May-16,7
7-May-16,7
8-May-16,7
9-May-16,7
10-May-16,7
11-May-16,7
12-May-16,7
13-May-16,7
14-May-16,7
15-May-16,7
16-May-16,7
17-May-16,7
18-May-16,7
19-May-16,7
20-May-16,7
21-May-16,7
22-May-16,7
23-May-16,7
24-May-16,7
25-May-16,7
26-May-16,7
27-May-16,7
28-May-16,7
29-May-16,7
30-May-16,7
31-May-16,7
1-Jun-16,7
2-Jun-16,7
3-Jun-16,7
4-Jun-16,7
5-Jun-16,7
6-Jun-16,7
7-Jun-16,7
8-Jun-16,7
9-Jun-16,7
10-Jun-16,7
11-Jun-16,7
12-Jun-16,7
13-Jun-16,7
14-Jun-16,7
15-Jun-16,7
16-Jun-16,7
17-Jun-16,7
18-Jun-16,7
19-Jun-16,7
20-Jun-16,7
21-Jun-16,7
22-Jun-16,7
23-Jun-16,7
24-Jun-16,7
25-Jun-16,7
26-Jun-16,7
27-Jun-16,7
28-Jun-16,7
29-Jun-16,7
30-Jun-16,7
1-Jul-16,7
2-Jul-16,7
3-Jul-16,7
4-Jul-16,7
5-Jul-16,7
6-Jul-16,7
7-Jul-16,7
8-Jul-16,7
9-Jul-16,7
10-Jul-16,7
11-Jul-16,7
12-Jul-16,7
13-Jul-16,7
14-Jul-16,7
15-Jul-16,7
16-Jul-16,7
17-Jul-16,7
18-Jul-16,7
19-Jul-16,7
20-Jul-16,7
21-Jul-16,7
22-Jul-16,7
23-Jul-16,7
24-Jul-16,7
25-Jul-16,7
26-Jul-16,7
27-Jul-16,7
28-Jul-16,7
29-Jul-16,7
30-Jul-16,7
31-Jul-16,7
1-Aug-16,7
2-Aug-16,7
3-Aug-16,7
4-Aug-16,7
5-Aug-16,7
6-Aug-16,7
7-Aug-16,7
8-Aug-16,7
9-Aug-16,7
10-Aug-16,7
11-Aug-16,7
12-Aug-16,7
13-Aug-16,7
14-Aug-16,7
15-Aug-16,7
16-Aug-16,7
17-Aug-16,7
18-Aug-16,7
19-Aug-16,7
20-Aug-16,7
21-Aug-16,7
22-Aug-16,7
23-Aug-16,7
24-Aug-16,7
25-Aug-16,7
26-Aug-16,7
27-Aug-16,7
28-Aug-16,7
29-Aug-16,7
30-Aug-16,7
31-Aug-16,7
1-Sep-16,7
2-Sep-16,7
3-Sep-16,7
4-Sep-16,7
5-Sep-16,7
6-Sep-16,7
7-Sep-16,7
8-Sep-16,7
9-Sep-16,7
10-Sep-16,7
11-Sep-16,7
12-Sep-16,7
13-Sep-16,7
14-Sep-16,7
15-Sep-16,7
16-Sep-16,7
17-Sep-16,7
18-Sep-16,7
19-Sep-16,7
20-Sep-16,7
21-Sep-16,7
22-Sep-16,7
23-Sep-16,7
24-Sep-16,7
25-Sep-16,7
26-Sep-16,7
27-Sep-16,7
28-Sep-16,7
29-Sep-16,7
30-Sep-16,7
1-Oct-16,8
2-Oct-16,8
3-Oct-16,8
4-Oct-16,8
5-Oct-16,8
6-Oct-16,8
7-Oct-16,8
8-Oct-16,8
9-Oct-16,8
10-Oct-16,8
11-Oct-16,8
12-Oct-16,8
13-Oct-16,8
14-Oct-16,8
15-Oct-16,8
16-Oct-16,8
17-Oct-16,8
18-Oct-16,8
19-Oct-16,8
20-Oct-16,8
21-Oct-16,8
22-Oct-16,8
23-Oct-16,8
24-Oct-16,8
25-Oct-16,8
26-Oct-16,8
27-Oct-16,8
28-Oct-16,8
29-Oct-16,8
30-Oct-16,8
31-Oct-16,8
1-Nov-16,8
2-Nov-16,8
3-Nov-16,8
4-Nov-16,8
5-Nov-16,8
6-Nov-16,8
7-Nov-16,8
8-Nov-16,8
9-Nov-16,8
10-Nov-16,8
11-Nov-16,8
12-Nov-16,8
13-Nov-16,8
14-Nov-16,8
15-Nov-16,8
16-Nov-16,8
17-Nov-16,8
18-Nov-16,8
19-Nov-16,8
20-Nov-16,8
21-Nov-16,8
22-Nov-16,8
23-Nov-16,8
24-Nov-16,8
25-Nov-16,8
26-Nov-16,8
27-Nov-16,8
28-Nov-16,8
29-Nov-16,8
30-Nov-16,8
1-Dec-16,8
2-Dec-16,8
3-Dec-16,8
4-Dec-16,8
5-Dec-16,8
6-Dec-16,8
7-Dec-16,8
8-Dec-16,8
9-Dec-16,8
10-Dec-16,8
11-Dec-16,8
12-Dec-16,8
13-Dec-16,8
14-Dec-16,8
15-Dec-16,8
16-Dec-16,8
17-Dec-16,8
18-Dec-16,8
19-Dec-16,8
20-Dec-16,8
21-Dec-16,8
22-Dec-16,8
23-Dec-16,8
24-Dec-16,8
25-Dec-16,8
26-Dec-16,8
27-Dec-16,8
28-Dec-16,8
29-Dec-16,8
30-Dec-16,8
31-Dec-16,8
1-Jan-17,9
2-Jan-17,9
3-Jan-17,9
4-Jan-17,9
5-Jan-17,9
6-Jan-17,9
7-Jan-17,9
8-Jan-17,9
9-Jan-17,9
10-Jan-17,9
11-Jan-17,9
12-Jan-17,9
13-Jan-17,9
14-Jan-17,9
15-Jan-17,9
16-Jan-17,9
17-Jan-17,9
18-Jan-17,9
19-Jan-17,9
20-Jan-17,9
21-Jan-17,9
22-Jan-17,9
23-Jan-17,9
24-Jan-17,9
25-Jan-17,9
26-Jan-17,9
27-Jan-17,9
28-Jan-17,9
29-Jan-17,9
30-Jan-17,9
31-Jan-17,9
1-Feb-17,9
2-Feb-17,9
3-Feb-17,9
4-Feb-17,9
5-Feb-17,9
6-Feb-17,9
7-Feb-17,9
8-Feb-17,9
9-Feb-17,9
10-Feb-17,9
11-Feb-17,9
12-Feb-17,9
13-Feb-17,9
14-Feb-17,9
15-Feb-17,9
16-Feb-17,9
17-Feb-17,9
18-Feb-17,9
19-Feb-17,9
20-Feb-17,9
21-Feb-17,9
22-Feb-17,9
23-Feb-17,9
24-Feb-17,9
25-Feb-17,9
26-Feb-17,9
27-Feb-17,9
28-Feb-17,9
1-Mar-17,9
2-Mar-17,9
3-Mar-17,9
4-Mar-17,9
5-Mar-17,9
6-Mar-17,9
7-Mar-17,9
8-Mar-17,9
9-Mar-17,9
10-Mar-17,9
11-Mar-17,9
12-Mar-17,9
13-Mar-17,9
14-Mar-17,9
15-Mar-17,9
16-Mar-17,9
17-Mar-17,9
18-Mar-17,9
19-Mar-17,9
20-Mar-17,9
21-Mar-17,9
22-Mar-17,9
23-Mar-17,9
24-Mar-17,9
25-Mar-17,9
26-Mar-17,9
27-Mar-17,9
28-Mar-17,9
29-Mar-17,9
30-Mar-17,9
31-Mar-17,9
1-Apr-17,6
2-Apr-17,6
3-Apr-17,6
4-Apr-17,6
5-Apr-17,6
6-Apr-17,6
7-Apr-17,6
8-Apr-17,6
9-Apr-17,6
10-Apr-17,6
11-Apr-17,6
12-Apr-17,6
13-Apr-17,6
14-Apr-17,6
15-Apr-17,6
16-Apr-17,6
17-Apr-17,6
18-Apr-17,6
19-Apr-17,6
20-Apr-17,6
21-Apr-17,6
22-Apr-17,6
23-Apr-17,6
24-Apr-17,6
25-Apr-17,6
26-Apr-17,6
27-Apr-17,6
28-Apr-17,6
29-Apr-17,6
30-Apr-17,6
1-May-17,6
2-May-17,6
3-May-17,6
4-May-17,6
5-May-17,6
6-May-17,6
7-May-17,6
8-May-17,6
9-May-17,6
10-May-17,6
11-May-17,6
12-May-17,6
13-May-17,6
14-May-17,6
15-May-17,6
16-May-17,6
17-May-17,6
18-May-17,6
19-May-17,6
20-May-17,6
21-May-17,6
22-May-17,6
23-May-17,6
24-May-17,6
25-May-17,6
26-May-17,6
27-May-17,6
28-May-17,6
29-May-17,6
30-May-17,6
31-May-17,6
1-Jun-17,6
2-Jun-17,6
3-Jun-17,6
4-Jun-17,6
5-Jun-17,6
6-Jun-17,6
7-Jun-17,6
8-Jun-17,6
9-Jun-17,6
10-Jun-17,6
11-Jun-17,6
12-Jun-17,6
13-Jun-17,6
14-Jun-17,6
15-Jun-17,6
16-Jun-17,6
17-Jun-17,6
18-Jun-17,6
19-Jun-17,6
20-Jun-17,6
21-Jun-17,6
22-Jun-17,6
23-Jun-17,6
24-Jun-17,6
25-Jun-17,6
26-Jun-17,6
27-Jun-17,6
28-Jun-17,6
29-Jun-17,6
30-Jun-17,6
1-Jul-17,9
2-Jul-17,9
3-Jul-17,9
4-Jul-17,9
5-Jul-17,9
6-Jul-17,9
7-Jul-17,9
8-Jul-17,9
9-Jul-17,9
10-Jul-17,9
11-Jul-17,9
12-Jul-17,9
13-Jul-17,9
14-Jul-17,9
15-Jul-17,9
16-Jul-17,9
17-Jul-17,9
18-Jul-17,9
19-Jul-17,9
20-Jul-17,9
21-Jul-17,9
22-Jul-17,9
23-Jul-17,9
24-Jul-17,9
25-Jul-17,9
26-Jul-17,9
27-Jul-17,9
28-Jul-17,9
29-Jul-17,9
30-Jul-17,9
31-Jul-17,9
1-Aug-17,9
2-Aug-17,9
3-Aug-17,9
4-Aug-17,9
5-Aug-17,9
6-Aug-17,9
7-Aug-17,9
8-Aug-17,9
9-Aug-17,9
10-Aug-17,9
11-Aug-17,9
12-Aug-17,9
13-Aug-17,9
14-Aug-17,9
15-Aug-17,9
16-Aug-17,9
17-Aug-17,9
18-Aug-17,9
19-Aug-17,9
20-Aug-17,9
21-Aug-17,9
22-Aug-17,9
23-Aug-17,9
24-Aug-17,9
25-Aug-17,9
26-Aug-17,9
27-Aug-17,9
28-Aug-17,9
29-Aug-17,9
30-Aug-17,9
31-Aug-17,9
1-Sep-17,9
2-Sep-17,9
3-Sep-17,9
4-Sep-17,9
5-Sep-17,9
6-Sep-17,9
7-Sep-17,9
8-Sep-17,9
9-Sep-17,9
10-Sep-17,9
11-Sep-17,9
12-Sep-17,9
13-Sep-17,9
14-Sep-17,9
15-Sep-17,9
16-Sep-17,9
17-Sep-17,9
18-Sep-17,9
19-Sep-17,9
20-Sep-17,9
21-Sep-17,9
22-Sep-17,9
23-Sep-17,9
24-Sep-17,9
25-Sep-17,9
26-Sep-17,9
27-Sep-17,9
28-Sep-17,9
29-Sep-17,9
30-Sep-17,9
1-Oct-17,8
2-Oct-17,8
3-Oct-17,8
4-Oct-17,8
5-Oct-17,8
6-Oct-17,8
7-Oct-17,8
8-Oct-17,8
9-Oct-17,8
10-Oct-17,8
11-Oct-17,8
12-Oct-17,8
13-Oct-17,8
14-Oct-17,8
15-Oct-17,8
16-Oct-17,8
17-Oct-17,8
18-Oct-17,8
19-Oct-17,8
20-Oct-17,8
21-Oct-17,8
22-Oct-17,8
23-Oct-17,8
24-Oct-17,8
25-Oct-17,8
26-Oct-17,8
27-Oct-17,8
28-Oct-17,8
29-Oct-17,8
30-Oct-17,8
31-Oct-17,8
1-Nov-17,8
2-Nov-17,8
3-Nov-17,8
4-Nov-17,8
5-Nov-17,8
6-Nov-17,8
7-Nov-17,8
8-Nov-17,8
9-Nov-17,8
10-Nov-17,8
11-Nov-17,8
12-Nov-17,8
13-Nov-17,8
14-Nov-17,8
15-Nov-17,8
16-Nov-17,8
17-Nov-17,8
18-Nov-17,8
19-Nov-17,8
20-Nov-17,8
21-Nov-17,8
22-Nov-17,8
23-Nov-17,8
24-Nov-17,8
25-Nov-17,8
26-Nov-17,8
27-Nov-17,8
28-Nov-17,8
29-Nov-17,8
30-Nov-17,8
1-Dec-17,8
2-Dec-17,8
3-Dec-17,8
4-Dec-17,8
5-Dec-17,8
6-Dec-17,8
7-Dec-17,8
8-Dec-17,8
9-Dec-17,8
10-Dec-17,8
11-Dec-17,8
12-Dec-17,8
13-Dec-17,8
14-Dec-17,8
15-Dec-17,8
16-Dec-17,8
17-Dec-17,8
18-Dec-17,8
19-Dec-17,8
20-Dec-17,8
21-Dec-17,8
22-Dec-17,8
23-Dec-17,8
24-Dec-17,8
25-Dec-17,8
26-Dec-17,8
27-Dec-17,8
28-Dec-17,8
29-Dec-17,8
30-Dec-17,8
31-Dec-17,8
1-Jan-18,6
2-Jan-18,6
3-Jan-18,6
4-Jan-18,6
5-Jan-18,6
6-Jan-18,6
7-Jan-18,6
8-Jan-18,6
9-Jan-18,6
10-Jan-18,6
11-Jan-18,6
12-Jan-18,6
13-Jan-18,6
14-Jan-18,6
15-Jan-18,6
16-Jan-18,6
17-Jan-18,6
18-Jan-18,6
19-Jan-18,6
20-Jan-18,6
21-Jan-18,6
22-Jan-18,6
23-Jan-18,6
24-Jan-18,6
25-Jan-18,6
26-Jan-18,6
27-Jan-18,6
28-Jan-18,6
29-Jan-18,6
30-Jan-18,6
31-Jan-18,6
1-Feb-18,6
2-Feb-18,6
3-Feb-18,6
4-Feb-18,6
5-Feb-18,6
6-Feb-18,6
7-Feb-18,6
8-Feb-18,6
9-Feb-18,6
10-Feb-18,6
11-Feb-18,6
12-Feb-18,6
13-Feb-18,6
14-Feb-18,6
15-Feb-18,6
16-Feb-18,6
17-Feb-18,6
18-Feb-18,6
19-Feb-18,6
20-Feb-18,6
21-Feb-18,6
22-Feb-18,6
23-Feb-18,6
24-Feb-18,6
25-Feb-18,6
26-Feb-18,6
27-Feb-18,6
28-Feb-18,6
1-Mar-18,6
2-Mar-18,6
3-Mar-18,6
4-Mar-18,6
5-Mar-18,6
6-Mar-18,6
7-Mar-18,6
8-Mar-18,6
9-Mar-18,6
10-Mar-18,6
11-Mar-18,6
12-Mar-18,6
13-Mar-18,6
14-Mar-18,6
15-Mar-18,6
16-Mar-18,6
17-Mar-18,6
18-Mar-18,6
19-Mar-18,6
20-Mar-18,6
21-Mar-18,6
22-Mar-18,6
23-Mar-18,6
24-Mar-18,6
25-Mar-18,6
26-Mar-18,6
27-Mar-18,6
28-Mar-18,6
29-Mar-18,6
30-Mar-18,6
31-Mar-18,6
1-Apr-18,7